ID,point num,type,vnum,value,x,y,z,,id,avg value,avg x,avg y,avg z
d01_10,1,10,404,17.6191,80.1,67.8,131.1,,d01_10,13.1904,84.3,68.5,129.4
d01_10,2,10,317,13.3656,82.7,64.9,131.3,,d01_20,19.5445,87.6,69.1,132.4
d01_10,3,10,346,12.7186,79.8,66.6,128.1,,d01_30,18.1845,86.5,66.9,125.3
d01_10,4,10,486,12.1855,78.3,73.0,126.8,,d02_10,24.1682,90.6,76.3,118.5
d01_10,5,10,402,13.9730,82.0,66.2,133.3,,d02_20,18.6958,89.9,78.2,115.8
d01_10,6,10,291,10.6209,87.8,63.3,129.4,,d02_30,17.9798,92.5,74.3,121.6
d01_10,7,10,289,10.5650,86.6,65.9,135.5,,d29_10,20.6449,84.7,70.5,125.0
d01_10,8,10,86,13.3641,96.3,53.9,120.0,,d29_20,17.4886,84.1,65.6,126.1
d01_10,9,10,320,15.8632,90.9,65.4,124.9,,d29_30,20.7114,91.4,61.6,122.0
d01_10,10,10,742,15.5397,72.1,83.0,143.5,,d30_10,21.3600,86.9,64.0,143.0
d01_10,11,10,684,13.9230,76.1,74.9,140.6,,d30_20,24.2516,90.2,67.8,130.5
d01_10,12,10,643,17.1608,83.2,75.6,114.8,,d30_30,25.1435,88.1,65.8,136.3
d01_10,13,10,717,10.4484,87.7,79.2,126.4,,d31_10,21.2873,90.7,72.2,124.4
d01_10,14,10,205,10.0571,89.5,59.0,128.1,,d31_20,21.2715,97.3,62.2,125.8
d01_10,15,10,435,10.4526,92.0,68.4,127.2,,d31_30,26.0262,90.9,74.9,137.1
d01_20,1,20,405,21.5893,88.7,68.8,131.2,,d32_10,16.5014,95.9,72.7,138.1
d01_20,2,20,317,25.4500,82.7,64.9,131.3,,d32_20,13.0918,87.5,81.7,131.5
d01_20,3,20,404,21.6653,80.1,67.8,131.1,,d32_30,11.8654,87.8,77.0,134.9
d01_20,4,20,367,18.2985,93.0,68.4,131.6,,d33_10,17.4861,81.4,71.5,114.8
d01_20,5,20,548,15.5539,90.1,75.3,127.3,,d33_20,14.5597,82.5,68.9,112.3
d01_20,6,20,435,17.6539,92.0,68.4,127.2,,d33_30,15.2991,84.4,70.7,118.7
d01_20,7,20,320,17.1854,90.9,65.4,124.9,,d34_10,21.4631,75.7,78.4,127.7
d01_20,8,20,484,26.3375,84.5,71.7,138.9,,d34_20,16.2480,82.4,69.4,112.4
d01_20,9,20,629,22.1879,93.3,76.1,138.6,,d34_30,15.0964,85.8,69.0,115.1
d01_20,10,20,514,20.1091,91.8,72.5,131.7,,d35_10,23.4089,81.1,65.8,131.3
d01_20,11,20,205,14.6458,89.5,59.0,128.1,,d35_20,21.0744,82.0,74.1,136.4
d01_20,12,20,397,17.4755,85.3,68.3,141.1,,d35_30,26.3407,86.8,67.1,133.5
d01_20,13,20,541,20.7881,82.4,71.4,139.6,,d36_10,18.0495,104.1,63.2,140.8
d01_20,14,20,516,19.5160,87.7,73.0,130.7,,d36_20,14.0868,101.1,64.2,139.6
d01_20,15,20,402,14.7113,82.0,66.2,133.3,,d36_30,15.5816,91.5,78.2,128.2
d01_30,1,30,486,25.4161,78.3,73.0,126.8,,d37_10,9.7339,77.3,76.1,135.9
d01_30,2,30,436,28.3152,85.6,70.8,123.4,,d37_20,18.3470,74.1,79.0,126.0
d01_30,3,30,346,19.9783,79.8,66.6,128.1,,d37_30,16.7006,80.5,77.0,142.8
d01_30,4,30,404,16.6065,80.1,67.8,131.1,,d38_10,11.4183,90.5,82.3,126.7
d01_30,5,30,639,22.4578,78.2,73.0,126.3,,d38_20,18.5868,92.7,70.8,127.6
d01_30,6,30,348,18.6015,85.0,64.0,119.8,,d38_30,15.4436,91.2,71.4,126.7
d01_30,7,30,571,16.9647,82.9,76.8,126.2,,d39_10,14.3313,88.7,71.6,126.7
d01_30,8,30,670,18.8549,87.7,78.1,117.0,,d39_20,19.4000,87.2,72.9,125.3
d01_30,9,30,208,15.9793,86.9,60.0,124.2,,d39_30,18.3133,82.1,79.4,127.6
d01_30,10,30,548,15.6529,90.1,75.3,127.3,,d40_10,17.0398,93.4,68.6,125.0
d01_30,11,30,118,15.4942,93.5,55.6,125.1,,d40_20,13.8617,95.2,66.9,138.4
d01_30,12,30,108,14.0155,92.3,55.7,118.9,,d40_30,15.4968,87.6,69.2,127.3
d01_30,13,30,291,14.5459,87.8,63.3,129.4,,d41_10,12.3111,83.3,69.8,128.5
d01_30,14,30,251,14.9022,92.5,61.7,126.9,,d41_20,15.3210,86.5,65.8,123.2
d01_30,15,30,250,14.9827,97.0,62.0,128.5,,d41_30,14.5472,84.6,67.6,126.2
d02_10,1,10,344,36.5021,88.3,69.9,118.8,,d42_10,9.1712,89.5,72.7,140.1
d02_10,2,10,523,29.0109,94.2,77.6,122.5,,d42_20,10.5403,90.1,71.0,134.0
d02_10,3,10,707,26.2492,92.8,80.9,124.0,,d42_30,15.0399,97.2,67.7,140.0
d02_10,4,10,614,30.5983,92.4,79.1,120.5,,d43_10,18.7631,83.5,74.1,132.7
d02_10,5,10,409,28.5322,87.5,74.3,120.0,,d43_20,21.5676,87.6,70.5,130.5
d02_10,6,10,613,20.2563,89.2,76.9,122.5,,d43_30,26.1343,88.9,70.3,133.9
d02_10,7,10,642,23.6767,92.5,82.6,111.7,,d44_10,18.5542,93.8,75.3,135.5
d02_10,8,10,485,30.6519,94.5,77.8,113.0,,d44_20,18.2171,89.5,83.1,133.6
d02_10,9,10,372,23.0570,95.0,71.5,114.4,,d44_30,14.0112,95.8,69.4,132.2
d02_10,10,10,615,17.6995,81.1,81.5,113.1,,d45_10,11.2317,88.8,63.7,127.9
d02_10,11,10,301,16.8603,86.6,67.5,115.7,,d45_20,9.9991,84.5,67.3,131.3
d02_10,12,10,483,21.4768,95.0,79.6,124.1,,d45_30,19.4218,82.2,75.0,125.5
d02_10,13,10,666,18.2870,97.5,81.8,125.0,,d46_10,20.3684,90.3,69.2,104.9
d02_10,14,10,522,19.8014,84.0,74.3,122.7,,d46_20,19.5973,97.1,66.2,100.6
d02_10,15,10,323,19.8634,88.3,69.7,110.1,,d46_30,16.0738,96.1,63.6,107.1
d02_20,1,20,523,20.2566,94.2,77.6,122.5,,d47_10,9.9533,82.5,68.3,124.0
d02_20,2,20,614,21.1008,92.4,79.1,120.5,,d47_20,10.1483,84.3,71.5,127.9
d02_20,3,20,642,26.6241,92.5,82.6,111.7,,d47_30,8.7615,79.1,78.8,125.6
d02_20,4,20,485,27.5407,94.5,77.8,113.0,,d48_10,19.6773,86.7,62.6,118.8
d02_20,5,20,616,19.8478,84.1,80.8,111.2,,d48_20,10.7565,82.9,71.2,116.9
d02_20,6,20,409,22.5655,87.5,74.3,120.0,,d48_30,21.0402,86.3,66.7,118.8
d02_20,7,20,615,21.8145,81.1,81.5,113.1,,d49_10,12.5352,75.6,64.2,110.1
d02_20,8,20,344,14.8447,88.3,69.9,118.8,,d49_20,7.7091,71.6,74.4,117.0
d02_20,9,20,372,15.7049,95.0,71.5,114.4,,d49_30,9.1087,71.5,77.2,117.1
d02_20,10,20,794,21.4563,86.9,86.2,115.7,,d50_10,21.1463,63.1,63.1,82.9
d02_20,11,20,522,14.0552,84.0,74.3,122.7,,d50_20,15.5768,61.3,65.1,82.6
d02_20,12,20,411,14.3606,98.3,74.8,116.2,,d50_30,25.5611,62.4,66.3,79.6
d02_20,13,20,914,14.0008,96.7,89.1,113.0,,d51_10,18.6268,83.7,70.1,116.0
d02_20,14,20,825,13.2625,84.1,83.3,113.4,,d51_20,23.8546,80.6,80.3,124.2
d02_20,15,20,323,13.0017,88.3,69.7,110.1,,d51_30,29.2430,82.0,74.7,121.0
d02_30,1,30,344,20.3450,88.3,69.9,118.8,,d54_10,25.3954,96.0,62.9,131.1
d02_30,2,30,523,15.5632,94.2,77.6,122.5,,d54_20,18.6887,99.4,56.6,125.8
d02_30,3,30,409,20.2015,87.5,74.3,120.0,,d54_30,25.3788,94.0,63.2,128.4
d02_30,4,30,665,19.7999,92.0,79.1,125.9,,d55_10,31.2583,95.5,56.4,134.1
d02_30,5,30,341,19.7644,94.8,72.6,121.9,,d55_20,25.9235,99.3,53.8,142.4
d02_30,6,30,458,15.4494,93.3,79.7,126.4,,d55_30,23.5786,99.2,54.8,134.3
d02_30,7,30,729,21.3295,88.3,86.6,131.6,,d56_10,10.5934,96.5,37.4,152.0
d02_30,8,30,787,15.2476,78.5,86.7,132.1,,d56_20,17.7578,84.6,54.2,161.5
d02_30,9,30,616,19.2104,84.1,80.8,111.2,,d56_30,15.0039,92.8,41.7,149.0
d02_30,10,30,261,16.6616,96.2,66.0,111.0,,d57_10,23.9176,86.7,60.0,133.5
d02_30,11,30,614,13.0882,92.4,79.1,120.5,,d57_20,24.0292,88.5,58.1,135.2
d02_30,12,30,431,15.2050,84.2,75.0,135.3,,d57_30,22.9003,87.4,55.4,141.3
d02_30,13,30,239,20.7096,104.0,63.6,112.3,,d58_10,19.2545,78.6,80.4,140.4
d02_30,14,30,276,18.4435,105.5,65.5,120.0,,d58_20,11.5377,78.2,83.4,134.1
d02_30,15,30,142,18.6779,103.8,58.2,113.9,,d58_30,8.8491,86.0,72.0,142.7
d29_10,1,10,317,20.5909,95.6,56.3,109.8,,,,,,
d29_10,2,10,402,20.1843,83.7,61.0,119.8,,,,,,
d29_10,3,10,652,19.2812,91.6,72.9,126.5,,,,,,
d29_10,4,10,854,20.3795,93.2,78.5,128.0,,,,,,
d29_10,5,10,734,24.4046,85.3,77.2,129.2,,,,,,
d29_10,6,10,649,23.2209,81.0,74.0,127.0,,,,,,
d29_10,7,10,650,21.0490,75.8,72.1,127.5,,,,,,
d29_10,8,10,139,17.2264,96.0,48.9,115.7,,,,,,
d29_10,9,10,677,20.9685,89.7,74.6,126.1,,,,,,
d29_10,10,10,915,18.8840,73.8,79.5,129.5,,,,,,
d29_10,11,10,351,18.5360,82.2,61.5,125.8,,,,,,
d29_10,12,10,589,21.1031,81.5,68.7,123.9,,,,,,
d29_10,13,10,795,25.5610,74.2,75.7,127.9,,,,,,
d29_10,14,10,792,18.6945,74.0,77.7,128.7,,,,,,
d29_10,15,10,825,19.5892,93.3,79.2,129.3,,,,,,
d29_20,1,20,422,20.2794,81.3,65.5,127.3,,,,,,
d29_20,2,20,394,20.8238,80.6,62.9,135.5,,,,,,
d29_20,3,20,351,19.2545,82.2,61.5,125.8,,,,,,
d29_20,4,20,589,19.3555,81.5,68.7,123.9,,,,,,
d29_20,5,20,402,18.1082,83.7,61.0,119.8,,,,,,
d29_20,6,20,177,16.6240,96.8,51.5,111.5,,,,,,
d29_20,7,20,918,15.8677,85.2,79.1,123.7,,,,,,
d29_20,8,20,335,13.5233,85.0,59.3,122.4,,,,,,
d29_20,9,20,677,12.3738,89.7,74.6,126.1,,,,,,
d29_20,10,20,546,20.5647,79.4,65.6,133.3,,,,,,
d29_20,11,20,463,26.4785,80.2,63.8,141.7,,,,,,
d29_20,12,20,397,15.1559,88.0,64.2,128.2,,,,,,
d29_20,13,20,705,15.3409,77.9,70.5,124.1,,,,,,
d29_20,14,20,551,16.3258,88.2,67.7,125.1,,,,,,
d29_20,15,20,489,12.2525,81.8,67.6,123.5,,,,,,
d29_30,1,30,317,24.0000,95.6,56.3,109.8,,,,,,
d29_30,2,30,276,22.6963,101.1,57.0,115.3,,,,,,
d29_30,3,30,339,17.3274,92.3,59.2,109.1,,,,,,
d29_30,4,30,139,28.2660,96.0,48.9,115.7,,,,,,
d29_30,5,30,618,18.6706,91.8,72.4,127.0,,,,,,
d29_30,6,30,516,15.9082,89.6,66.9,126.0,,,,,,
d29_30,7,30,652,16.6856,91.6,72.9,126.5,,,,,,
d29_30,8,30,541,15.4702,79.1,67.0,136.7,,,,,,
d29_30,9,30,354,21.3182,93.6,59.6,125.8,,,,,,
d29_30,10,30,139,28.2660,96.0,48.9,115.7,,,,,,
d29_30,11,30,287,14.7189,86.9,55.7,135.5,,,,,,
d29_30,12,30,941,13.5632,86.6,80.4,130.5,,,,,,
d29_30,13,30,175,18.8831,90.8,52.6,119.1,,,,,,
d29_30,14,30,350,10.4437,91.2,63.2,129.6,,,,,,
d29_30,15,30,432,44.4534,88.1,62.3,107.6,,,,,,
d30_10,1,10,408,32.4018,84.9,65.8,154.3,,,,,,
d30_10,2,10,365,26.1237,88.0,64.3,141.7,,,,,,
d30_10,3,10,462,29.8386,88.9,70.8,142.6,,,,,,
d30_10,4,10,655,22.2536,90.9,72.6,142.5,,,,,,
d30_10,5,10,574,23.1054,88.7,70.5,144.6,,,,,,
d30_10,6,10,492,23.7736,77.5,72.6,139.6,,,,,,
d30_10,7,10,255,20.8602,91.2,57.2,151.8,,,,,,
d30_10,8,10,205,22.7821,92.8,55.1,152.1,,,,,,
d30_10,9,10,232,16.0997,87.9,56.9,142.6,,,,,,
d30_10,10,10,361,15.5005,81.7,65.1,147.3,,,,,,
d30_10,11,10,385,18.2207,85.3,67.1,136.9,,,,,,
d30_10,12,10,343,17.8364,88.3,64.0,128.1,,,,,,
d30_10,13,10,434,12.8316,81.7,70.3,147.1,,,,,,
d30_10,14,10,175,18.1239,87.9,53.9,134.3,,,,,,
d30_10,15,10,172,20.6489,88.0,54.3,138.9,,,,,,
d30_20,1,20,433,23.1907,90.6,69.0,146.2,,,,,,
d30_20,2,20,343,26.4180,88.3,64.0,128.1,,,,,,
d30_20,3,20,148,45.5450,93.8,53.9,125.5,,,,,,
d30_20,4,20,369,28.2114,96.0,63.5,129.2,,,,,,
d30_20,5,20,110,48.7338,93.5,52.0,125.7,,,,,,
d30_20,6,20,320,21.5339,88.6,64.4,128.0,,,,,,
d30_20,7,20,283,20.8212,84.0,59.8,128.0,,,,,,
d30_20,8,20,222,26.9429,94.2,56.7,113.3,,,,,,
d30_20,9,20,549,19.7445,92.7,74.6,135.5,,,,,,
d30_20,10,20,766,18.2543,89.3,77.3,136.7,,,,,,
d30_20,11,20,598,17.6852,89.3,77.4,136.9,,,,,,
d30_20,12,20,1020,16.3717,88.8,86.9,125.2,,,,,,
d30_20,13,20,661,16.4369,93.5,76.2,129.2,,,,,,
d30_20,14,20,709,15.2980,79.2,73.7,141.2,,,,,,
d30_20,15,20,464,18.5871,90.7,67.5,128.9,,,,,,
d30_30,1,30,549,24.0674,92.7,74.6,135.5,,,,,,
d30_30,2,30,433,35.3900,90.6,69.0,146.2,,,,,,
d30_30,3,30,385,24.0188,85.3,67.1,136.9,,,,,,
d30_30,4,30,408,37.3770,84.9,65.8,154.3,,,,,,
d30_30,5,30,367,18.2708,79.2,66.9,134.4,,,,,,
d30_30,6,30,320,32.8303,88.6,64.4,128.0,,,,,,
d30_30,7,30,343,32.7698,88.3,64.0,128.1,,,,,,
d30_30,8,30,216,20.9184,87.2,55.8,121.6,,,,,,
d30_30,9,30,194,39.6867,92.4,57.5,125.5,,,,,,
d30_30,10,30,369,35.1412,96.0,63.5,129.2,,,,,,
d30_30,11,30,441,13.2189,86.0,66.0,132.9,,,,,,
d30_30,12,30,735,14.5421,86.0,76.4,136.2,,,,,,
d30_30,13,30,543,13.0589,92.2,73.3,142.1,,,,,,
d30_30,14,30,360,16.2991,84.2,67.3,150.1,,,,,,
d30_30,15,30,186,19.5632,88.1,56.0,144.0,,,,,,
d31_10,1,10,778,34.9172,93.8,81.5,120.0,,,,,,
d31_10,2,10,854,37.3325,93.9,83.7,121.1,,,,,,
d31_10,3,10,858,25.3551,91.4,83.4,112.8,,,,,,
d31_10,4,10,108,21.6253,96.1,51.8,122.6,,,,,,
d31_10,5,10,318,28.1682,96.6,62.3,114.4,,,,,,
d31_10,6,10,256,23.6892,103.2,60.7,116.6,,,,,,
d31_10,7,10,387,15.6013,95.3,69.3,122.8,,,,,,
d31_10,8,10,687,20.6508,97.2,78.6,124.9,,,,,,
d31_10,9,10,340,16.3525,88.7,62.2,133.7,,,,,,
d31_10,10,10,361,17.8267,86.2,63.7,139.9,,,,,,
d31_10,11,10,639,16.9500,75.8,77.6,125.2,,,,,,
d31_10,12,10,795,18.1419,93.6,84.2,133.0,,,,,,
d31_10,13,10,660,13.4896,82.2,77.4,123.1,,,,,,
d31_10,14,10,551,14.0129,87.1,73.5,132.7,,,,,,
d31_10,15,10,591,15.1960,80.1,73.7,122.9,,,,,,
d31_20,1,20,108,24.8349,96.1,51.8,122.6,,,,,,
d31_20,2,20,188,21.0321,93.7,56.4,130.4,,,,,,
d31_20,3,20,254,23.5041,97.4,59.9,127.9,,,,,,
d31_20,4,20,256,27.7293,103.2,60.7,116.6,,,,,,
d31_20,5,20,258,23.3446,98.0,61.1,113.7,,,,,,
d31_20,6,20,111,23.8800,94.4,54.5,116.6,,,,,,
d31_20,7,20,272,15.4654,105.2,60.6,126.3,,,,,,
d31_20,8,20,139,22.6969,100.8,53.4,124.1,,,,,,
d31_20,9,20,203,22.6048,107.4,59.4,122.6,,,,,,
d31_20,10,20,632,19.2354,97.1,77.9,145.2,,,,,,
d31_20,11,20,682,30.1772,92.5,83.0,134.6,,,,,,
d31_20,12,20,683,20.4060,87.0,82.9,134.0,,,,,,
d31_20,13,20,249,13.6804,91.4,61.0,135.5,,,,,,
d31_20,14,20,112,14.7757,93.9,53.9,112.7,,,,,,
d31_20,15,20,137,15.7057,100.9,56.2,124.8,,,,,,
d31_30,1,30,403,30.1790,89.5,66.5,139.0,,,,,,
d31_30,2,30,291,26.6104,86.9,63.7,141.7,,,,,,
d31_30,3,30,174,32.9132,110.5,57.0,123.7,,,,,,
d31_30,4,30,516,28.8151,80.6,72.4,136.4,,,,,,
d31_30,5,30,493,22.9666,92.7,68.4,143.3,,,,,,
d31_30,6,30,683,36.0671,87.0,82.9,134.0,,,,,,
d31_30,7,30,746,30.8890,96.3,79.1,141.8,,,,,,
d31_30,8,30,911,39.8542,91.1,90.9,137.6,,,,,,
d31_30,9,30,427,22.3661,81.3,69.8,132.7,,,,,,
d31_30,10,30,709,28.4046,96.0,80.8,139.3,,,,,,
d31_30,11,30,682,22.8992,92.5,83.0,134.6,,,,,,
d31_30,12,30,881,23.2312,81.2,87.1,134.5,,,,,,
d31_30,13,30,549,13.6520,82.3,75.4,139.3,,,,,,
d31_30,14,30,632,16.3251,97.1,77.9,145.2,,,,,,
d31_30,15,30,381,15.2206,98.4,68.2,133.3,,,,,,
d32_10,1,10,470,45.0751,99.2,74.5,141.6,,,,,,
d32_10,2,10,349,20.7500,97.4,72.9,138.2,,,,,,
d32_10,3,10,514,21.5192,99.6,76.3,138.6,,,,,,
d32_10,4,10,257,20.8206,105.2,65.8,141.4,,,,,,
d32_10,5,10,148,17.3910,102.9,61.6,139.6,,,,,,
d32_10,6,10,576,14.6040,93.5,81.2,139.0,,,,,,
d32_10,7,10,255,16.5284,99.4,67.4,146.4,,,,,,
d32_10,8,10,258,15.3179,94.2,68.3,139.5,,,,,,
d32_10,9,10,277,13.6936,97.8,65.9,145.6,,,,,,
d32_10,10,10,172,9.1445,94.7,60.0,148.4,,,,,,
d32_10,11,10,379,10.4228,97.2,71.9,135.2,,,,,,
d32_10,12,10,320,10.8296,100.1,68.7,152.0,,,,,,
d32_10,13,10,759,10.1474,88.6,87.6,123.0,,,,,,
d32_10,14,10,828,10.4326,87.5,88.1,122.4,,,,,,
d32_10,15,10,613,10.8448,81.1,80.4,120.4,,,,,,
d32_20,1,20,610,21.7661,91.3,81.7,124.4,,,,,,
d32_20,2,20,522,14.1421,85.8,78.0,122.7,,,,,,
d32_20,3,20,976,16.9561,79.7,92.0,127.0,,,,,,
d32_20,4,20,720,15.7430,90.8,84.0,139.3,,,,,,
d32_20,5,20,576,13.7039,93.5,81.2,139.0,,,,,,
d32_20,6,20,889,10.6944,83.8,92.4,124.3,,,,,,
d32_20,7,20,547,10.1629,89.8,78.7,132.7,,,,,,
d32_20,8,20,783,11.2380,90.7,86.8,137.2,,,,,,
d32_20,9,20,495,10.4024,88.1,75.8,135.9,,,,,,
d32_20,10,20,349,15.5955,97.4,72.9,138.2,,,,,,
d32_20,11,20,114,10.0232,90.7,61.1,139.2,,,,,,
d32_20,12,20,922,10.0031,82.5,87.2,123.2,,,,,,
d32_20,13,20,827,10.1066,72.2,84.9,122.0,,,,,,
d32_20,14,20,819,15.5558,86.8,86.0,128.6,,,,,,
d32_20,15,20,663,10.2842,89.2,83.3,138.5,,,,,,
d32_30,1,30,255,14.9420,99.4,67.4,146.4,,,,,,
d32_30,2,30,277,12.0712,97.8,65.9,145.6,,,,,,
d32_30,3,30,172,15.7516,94.7,60.0,148.4,,,,,,
d32_30,4,30,785,15.3059,89.2,86.4,131.7,,,,,,
d32_30,5,30,702,11.4985,79.0,81.6,124.4,,,,,,
d32_30,6,30,729,12.3688,75.7,82.7,124.2,,,,,,
d32_30,7,30,920,14.0195,75.4,89.0,126.9,,,,,,
d32_30,8,30,734,9.2899,86.1,85.2,121.4,,,,,,
d32_30,9,30,973,10.2610,81.4,93.0,129.3,,,,,,
d32_30,10,30,498,8.7675,80.0,75.5,124.6,,,,,,
d32_30,11,30,828,9.7358,87.5,88.1,122.4,,,,,,
d32_30,12,30,374,9.4312,98.4,70.8,147.9,,,,,,
d32_30,13,30,211,9.3344,101.0,62.9,153.6,,,,,,
d32_30,14,30,114,9.3349,90.7,61.1,139.2,,,,,,
d32_30,15,30,723,15.8689,80.2,85.4,137.1,,,,,,
d33_10,1,10,181,26.8152,82.5,65.1,106.9,,,,,,
d33_10,2,10,126,24.7999,87.0,60.6,106.0,,,,,,
d33_10,3,10,214,20.7840,81.7,66.3,107.2,,,,,,
d33_10,4,10,176,21.7000,90.4,64.9,117.2,,,,,,
d33_10,5,10,371,19.0723,84.5,73.4,103.6,,,,,,
d33_10,6,10,268,15.3784,85.4,71.9,111.2,,,,,,
d33_10,7,10,312,16.6609,79.0,69.8,102.9,,,,,,
d33_10,8,10,334,12.7737,87.8,72.6,111.3,,,,,,
d33_10,9,10,450,15.8538,74.8,73.5,112.8,,,,,,
d33_10,10,10,782,17.9116,66.6,88.5,124.0,,,,,,
d33_10,11,10,664,13.5358,74.9,81.8,124.8,,,,,,
d33_10,12,10,442,13.1475,77.9,77.7,129.3,,,,,,
d33_10,13,10,413,13.3844,70.8,78.3,129.4,,,,,,
d33_10,14,10,175,14.3044,83.8,64.0,119.9,,,,,,
d33_10,15,10,177,16.1699,93.3,64.1,115.9,,,,,,
d33_20,1,20,271,26.9073,79.6,69.2,109.2,,,,,,
d33_20,2,20,214,32.5378,81.7,66.3,107.2,,,,,,
d33_20,3,20,181,15.5525,82.5,65.1,106.9,,,,,,
d33_20,4,20,371,15.2870,84.5,73.4,103.6,,,,,,
d33_20,5,20,193,12.3679,84.4,65.0,100.2,,,,,,
d33_20,6,20,335,12.0761,81.8,71.4,112.1,,,,,,
d33_20,7,20,212,12.4053,79.1,67.3,114.0,,,,,,
d33_20,8,20,305,14.9484,81.8,68.4,124.1,,,,,,
d33_20,9,20,175,12.2430,83.8,64.0,119.9,,,,,,
d33_20,10,20,172,14.0837,82.9,65.2,122.1,,,,,,
d33_20,11,20,296,10.5905,85.3,71.6,88.9,,,,,,
d33_20,12,20,367,11.2387,86.9,71.7,125.5,,,,,,
d33_20,13,20,139,10.2082,84.7,63.6,119.3,,,,,,
d33_20,14,20,292,9.0515,76.9,71.8,113.8,,,,,,
d33_20,15,20,475,8.8975,81.0,79.0,118.3,,,,,,
d33_30,1,30,254,15.0651,82.8,66.5,123.6,,,,,,
d33_30,2,30,266,19.6668,91.0,69.6,120.6,,,,,,
d33_30,3,30,234,18.0575,90.2,70.0,133.4,,,,,,
d33_30,4,30,158,31.0931,85.1,61.7,116.2,,,,,,
d33_30,5,30,66,22.4315,89.9,56.4,119.5,,,,,,
d33_30,6,30,444,13.1400,86.8,76.4,125.1,,,,,,
d33_30,7,30,285,13.8592,86.7,70.2,136.0,,,,,,
d33_30,8,30,214,20.8208,81.7,66.3,107.2,,,,,,
d33_30,9,30,371,15.1084,84.0,73.4,103.6,,,,,,
d33_30,10,30,268,12.4195,85.4,71.9,111.2,,,,,,
d33_30,11,30,181,10.7022,82.5,65.1,106.9,,,,,,
d33_30,12,30,473,9.9698,73.7,80.2,124.9,,,,,,
d33_30,13,30,536,9.5335,84.3,80.4,117.0,,,,,,
d33_30,14,30,475,9.2371,81.0,79.0,118.3,,,,,,
d33_30,15,30,307,8.3816,80.4,73.6,116.3,,,,,,
d34_10,1,10,455,29.0833,72.2,71.3,129.7,,,,,,
d34_10,2,10,310,19.2524,76.9,64.5,120.4,,,,,,
d34_10,3,10,532,26.1345,79.6,79.0,122.0,,,,,,
d34_10,4,10,740,24.6328,80.2,83.6,118.0,,,,,,
d34_10,5,10,498,21.5633,68.5,76.6,123.3,,,,,,
d34_10,6,10,638,39.9432,77.9,82.7,137.1,,,,,,
d34_10,7,10,526,19.4800,70.2,75.0,137.2,,,,,,
d34_10,8,10,524,24.6729,75.3,80.4,142.2,,,,,,
d34_10,9,10,673,18.1801,81.7,84.5,118.1,,,,,,
d34_10,10,10,523,20.0901,70.8,79.2,145.4,,,,,,
d34_10,11,10,413,16.3647,76.5,73.8,115.5,,,,,,
d34_10,12,10,737,14.1780,75.0,82.7,123.4,,,,,,
d34_10,13,10,718,17.0288,80.2,80.3,120.4,,,,,,
d34_10,14,10,738,16.9131,71.8,81.2,124.3,,,,,,
d34_10,15,10,527,14.4299,78.5,80.8,138.3,,,,,,
d34_20,1,20,271,26.9073,79.6,69.2,109.2,,,,,,
d34_20,2,20,257,27.8438,87.7,67.9,101.5,,,,,,
d34_20,3,20,371,15.2870,84.5,73.4,103.6,,,,,,
d34_20,4,20,181,15.5525,82.5,65.1,106.9,,,,,,
d34_20,5,20,268,14.6514,85.4,71.9,111.2,,,,,,
d34_20,6,20,214,32.5378,81.7,66.3,107.2,,,,,,
d34_20,7,20,126,11.0093,87.0,60.6,106.0,,,,,,
d34_20,8,20,335,12.0761,81.8,71.4,112.1,,,,,,
d34_20,9,20,212,12.4053,79.1,67.3,114.0,,,,,,
d34_20,10,20,172,14.0837,82.9,65.2,122.1,,,,,,
d34_20,11,20,305,14.9484,81.8,68.4,124.1,,,,,,
d34_20,12,20,194,12.5511,84.1,64.7,98.4,,,,,,
d34_20,13,20,664,10.0208,74.9,81.8,124.8,,,,,,
d34_20,14,20,632,11.6030,78.7,84.4,125.0,,,,,,
d34_20,15,20,175,12.2430,83.8,64.0,119.9,,,,,,
d34_30,1,30,158,31.0931,85.1,61.7,116.2,,,,,,
d34_30,2,30,66,22.4315,89.9,56.4,119.5,,,,,,
d34_30,3,30,266,19.6668,91.0,69.6,120.6,,,,,,
d34_30,4,30,444,13.1400,86.8,76.4,125.1,,,,,,
d34_30,5,30,371,15.1084,84.5,73.4,103.6,,,,,,
d34_30,6,30,234,18.0575,90.2,70.0,133.4,,,,,,
d34_30,7,30,214,20.8208,81.7,66.3,107.2,,,,,,
d34_30,8,30,181,10.7022,82.5,65.1,106.9,,,,,,
d34_30,9,30,268,12.4195,85.4,71.9,111.2,,,,,,
d34_30,10,30,396,10.3191,77.2,72.1,106.1,,,,,,
d34_30,11,30,257,10.8448,87.7,67.9,101.5,,,,,,
d34_30,12,30,536,9.5335,84.3,80.4,117.0,,,,,,
d34_30,13,30,328,10.1174,87.5,76.3,130.0,,,,,,
d34_30,14,30,175,10.3447,83.8,64.0,119.9,,,,,,
d34_30,15,30,159,11.8473,89.3,64.0,108.3,,,,,,
d35_10,1,10,684,26.3935,69.6,76.9,139.9,,,,,,
d35_10,2,10,630,20.3084,75.9,72.0,139.0,,,,,,
d35_10,3,10,921,26.1902,74.8,81.7,137.5,,,,,,
d35_10,4,10,744,28.3352,85.2,76.0,136.6,,,,,,
d35_10,5,10,796,26.2336,81.5,78.1,135.2,,,,,,
d35_10,6,10,234,23.0655,86.4,53.5,130.7,,,,,,
d35_10,7,10,195,25.7214,83.6,53.5,115.8,,,,,,
d35_10,8,10,236,16.8022,88.1,56.0,118.1,,,,,,
d35_10,9,10,463,30.6633,84.9,65.7,125.7,,,,,,
d35_10,10,10,315,22.6640,80.9,57.3,118.4,,,,,,
d35_10,11,10,308,22.0550,81.9,57.8,126.0,,,,,,
d35_10,12,10,554,21.5789,75.4,68.4,138.6,,,,,,
d35_10,13,10,214,21.2852,87.7,55.6,131.1,,,,,,
d35_10,14,10,457,19.6692,86.1,66.6,129.4,,,,,,
d35_10,15,10,572,20.1680,74.9,68.6,147.7,,,,,,
d35_20,1,20,386,29.7267,79.9,62.9,140.0,,,,,,
d35_20,2,20,303,27.5393,80.8,58.4,135.9,,,,,,
d35_20,3,20,688,24.6566,86.7,73.2,131.1,,,,,,
d35_20,4,20,891,23.7361,85.3,81.5,126.4,,,,,,
d35_20,5,20,483,24.6354,78.2,63.8,135.3,,,,,,
d35_20,6,20,711,18.7920,76.2,79.3,146.7,,,,,,
d35_20,7,20,918,19.8047,80.0,85.9,143.3,,,,,,
d35_20,8,20,1113,27.4375,88.6,88.7,141.8,,,,,,
d35_20,9,20,680,17.5342,86.7,78.1,146.8,,,,,,
d35_20,10,20,1073,18.2444,82.2,86.2,139.3,,,,,,
d35_20,11,20,599,16.4734,87.5,71.9,140.4,,,,,,
d35_20,12,20,308,13.2603,81.9,57.8,126.0,,,,,,
d35_20,13,20,331,22.4728,93.5,58.6,127.8,,,,,,
d35_20,14,20,684,15.4977,69.6,76.9,139.9,,,,,,
d35_20,15,20,947,16.3053,73.3,87.6,125.9,,,,,,
d35_30,1,30,713,22.8019,73.3,79.5,143.6,,,,,,
d35_30,2,30,684,15.1206,69.6,76.9,139.9,,,,,,
d35_30,3,30,331,53.7734,93.5,58.6,127.8,,,,,,
d35_30,4,30,216,29.9723,97.7,54.1,125.6,,,,,,
d35_30,5,30,921,17.9511,74.8,81.7,137.5,,,,,,
d35_30,6,30,303,22.0645,80.8,58.4,135.9,,,,,,
d35_30,7,30,414,24.0336,92.9,63.0,133.1,,,,,,
d35_30,8,30,265,25.7785,94.9,56.5,124.3,,,,,,
d35_30,9,30,188,43.4352,100.5,51.6,129.7,,,,,,
d35_30,10,30,533,24.6045,81.7,66.4,127.3,,,,,,
d35_30,11,30,949,37.2214,85.4,81.8,123.7,,,,,,
d35_30,12,30,262,13.4147,88.3,58.7,134.6,,,,,,
d35_30,13,30,155,26.6208,91.1,51.4,135.8,,,,,,
d35_30,14,30,764,14.5816,87.7,80.5,142.0,,,,,,
d35_30,15,30,1086,23.7361,89.8,87.8,141.9,,,,,,
d36_10,1,10,233,25.3543,115.0,57.1,143.6,,,,,,
d36_10,2,10,595,17.5697,95.0,75.5,127.2,,,,,,
d36_10,3,10,324,21.2157,116.2,59.4,142.0,,,,,,
d36_10,4,10,214,23.7062,110.5,56.3,145.9,,,,,,
d36_10,5,10,133,17.0174,119.7,50.5,144.7,,,,,,
d36_10,6,10,231,17.5836,105.9,53.5,152.4,,,,,,
d36_10,7,10,458,15.6941,92.6,65.0,153.9,,,,,,
d36_10,8,10,235,23.8387,109.7,56.2,144.0,,,,,,
d36_10,9,10,892,19.5233,98.1,79.9,126.8,,,,,,
d36_10,10,10,544,17.7885,101.7,71.9,121.5,,,,,,
d36_10,11,10,344,21.2979,107.0,59.2,132.8,,,,,,
d36_10,12,10,154,19.6384,107.8,49.5,142.6,,,,,,
d36_10,13,10,657,10.5442,89.6,73.2,146.0,,,,,,
d36_10,14,10,480,9.7098,94.2,64.4,151.7,,,,,,
d36_10,15,10,714,10.2609,98.8,76.2,136.3,,,,,,
d36_20,1,20,231,23.8918,105.9,53.5,152.4,,,,,,
d36_20,2,20,170,19.9302,102.0,51.8,135.9,,,,,,
d36_20,3,20,340,15.3200,107.7,62.6,149.9,,,,,,
d36_20,4,20,151,17.7393,109.0,52.1,147.6,,,,,,
d36_20,5,20,138,15.0675,108.7,53.8,133.4,,,,,,
d36_20,6,20,154,13.5428,107.8,49.5,142.6,,,,,,
d36_20,7,20,106,19.8435,106.3,49.2,133.9,,,,,,
d36_20,8,20,538,10.8938,93.2,68.6,141.0,,,,,,
d36_20,9,20,534,11.6185,102.0,72.2,145.7,,,,,,
d36_20,10,20,593,10.8654,91.7,74.8,137.0,,,,,,
d36_20,11,20,507,10.3132,99.8,70.8,132.2,,,,,,
d36_20,12,20,595,12.6451,95.0,75.5,127.2,,,,,,
d36_20,13,20,714,9.5467,98.8,76.2,136.3,,,,,,
d36_20,14,20,748,9.1471,84.3,74.5,134.5,,,,,,
d36_20,15,20,678,10.9367,104.4,77.5,145.1,,,,,,
d36_30,1,30,595,16.4854,95.0,75.5,127.2,,,,,,
d36_30,2,30,867,17.0020,98.3,78.9,126.2,,,,,,
d36_30,3,30,616,17.2847,96.0,70.0,120.6,,,,,,
d36_30,4,30,547,16.4011,90.3,66.3,115.9,,,,,,
d36_30,5,30,842,17.2817,98.8,78.9,129.2,,,,,,
d36_30,6,30,662,11.6472,91.5,78.2,141.0,,,,,,
d36_30,7,30,637,12.7032,85.8,75.6,137.6,,,,,,
d36_30,8,30,816,11.4161,92.1,75.7,130.0,,,,,,
d36_30,9,30,1129,18.1324,97.3,89.3,133.0,,,,,,
d36_30,10,30,939,21.9030,79.1,82.2,122.4,,,,,,
d36_30,11,30,1098,11.8757,101.1,88.2,138.8,,,,,,
d36_30,12,30,721,15.2853,92.7,74.4,126.7,,,,,,
d36_30,13,30,667,17.2167,88.6,74.3,117.8,,,,,,
d36_30,14,30,3949,11.5971,85.6,85.2,131.2,,,,,,
d36_30,15,30,818,17.4923,80.3,80.7,124.7,,,,,,
d37_10,1,10,595,9.9379,70.3,77.6,147.5,,,,,,
d37_10,2,10,454,10.0536,71.6,74.8,146.0,,,,,,
d37_10,3,10,638,10.7937,82.8,80.1,133.8,,,,,,
d37_10,4,10,379,8.8349,86.8,74.6,135.3,,,,,,
d37_10,5,10,603,10.5195,63.9,80.7,123.5,,,,,,
d37_10,6,10,324,10.8141,72.8,68.7,121.8,,,,,,
d37_10,7,10,917,13.0711,80.7,89.7,124.1,,,,,,
d37_10,8,10,729,11.5025,63.3,87.2,132.1,,,,,,
d37_10,9,10,368,13.4731,80.2,68.5,156.9,,,,,,
d37_10,10,10,943,7.6266,79.9,90.0,130.1,,,,,,
d37_10,11,10,401,7.3908,76.3,70.1,151.9,,,,,,
d37_10,12,10,339,7.0059,79.9,70.0,135.1,,,,,,
d37_10,13,10,136,7.9836,81.7,59.9,138.2,,,,,,
d37_10,14,10,254,7.1834,92.5,66.1,140.9,,,,,,
d37_10,15,10,736,9.8183,76.5,83.4,120.9,,,,,,
d37_20,1,20,606,32.0178,73.8,77.6,116.3,,,,,,
d37_20,2,20,819,26.4571,69.1,83.6,119.9,,,,,,
d37_20,3,20,573,25.3292,68.5,79.5,116.2,,,,,,
d37_20,4,20,387,21.3297,73.6,74.0,112.4,,,,,,
d37_20,5,20,795,20.0439,73.2,86.2,113.0,,,,,,
d37_20,6,20,889,25.0928,64.5,84.8,114.7,,,,,,
d37_20,7,20,505,19.0629,70.0,72.5,123.9,,,,,,
d37_20,8,20,464,16.3782,71.5,71.7,124.9,,,,,,
d37_20,9,20,179,22.3782,78.7,61.1,126.9,,,,,,
d37_20,10,20,638,11.2316,82.8,80.1,133.8,,,,,,
d37_20,11,20,729,10.9523,63.3,87.2,132.1,,,,,,
d37_20,12,20,735,19.0207,77.1,85.9,121.5,,,,,,
d37_20,13,20,595,8.6046,70.3,77.6,147.5,,,,,,
d37_20,14,20,1038,7.9929,84.0,93.1,146.9,,,,,,
d37_20,15,20,318,9.3136,90.8,69.9,139.5,,,,,,
d37_30,1,30,427,25.1071,88.3,72.2,148.3,,,,,,
d37_30,2,30,398,23.8798,85.9,70.9,150.5,,,,,,
d37_30,3,30,252,18.9306,86.0,69.4,144.7,,,,,,
d37_30,4,30,653,18.5134,74.0,80.4,158.2,,,,,,
d37_30,5,30,559,22.5670,96.1,77.9,149.7,,,,,,
d37_30,6,30,573,20.4950,68.5,79.5,116.2,,,,,,
d37_30,7,30,917,22.5847,80.7,89.7,124.1,,,,,,
d37_30,8,30,944,20.3051,64.3,89.3,136.7,,,,,,
d37_30,9,30,309,14.5531,85.9,65.5,151.6,,,,,,
d37_30,10,30,595,11.8713,70.3,77.6,147.5,,,,,,
d37_30,11,30,457,9.6750,78.5,73.4,136.3,,,,,,
d37_30,12,30,844,9.0071,82.1,87.8,150.5,,,,,,
d37_30,13,30,401,10.6261,76.3,70.1,151.9,,,,,,
d37_30,14,30,431,11.3163,81.2,76.0,136.4,,,,,,
d37_30,15,30,356,11.0778,88.7,74.9,139.8,,,,,,
d38_10,1,10,991,11.7164,83.3,91.4,124.9,,,,,,
d38_10,2,10,893,12.5070,91.8,88.2,130.1,,,,,,
d38_10,3,10,917,11.2529,92.1,88.5,133.3,,,,,,
d38_10,4,10,1315,12.3543,88.6,96.7,123.9,,,,,,
d38_10,5,10,429,11.0128,82.8,68.5,113.4,,,,,,
d38_10,6,10,399,12.1197,97.2,67.0,119.0,,,,,,
d38_10,7,10,460,12.8579,99.9,69.0,120.2,,,,,,
d38_10,8,10,1123,13.5269,93.6,90.2,133.2,,,,,,
d38_10,9,10,1124,10.2043,83.1,90.1,125.8,,,,,,
d38_10,10,10,674,9.2775,94.9,80.2,137.4,,,,,,
d38_10,11,10,223,9.3883,95.8,57.8,138.6,,,,,,
d38_10,12,10,337,11.2448,95.3,66.5,118.9,,,,,,
d38_10,13,10,1052,8.2855,86.0,88.1,129.8,,,,,,
d38_10,14,10,1573,12.7048,80.5,103.9,124.1,,,,,,
d38_10,15,10,920,12.8220,92.8,87.9,127.7,,,,,,
d38_20,1,20,262,50.5874,100.3,62.4,111.0,,,,,,
d38_20,2,20,185,41.4483,100.4,61.2,112.9,,,,,,
d38_20,3,20,35,25.7156,99.8,50.2,109.7,,,,,,
d38_20,4,20,715,14.8305,83.4,79.8,138.1,,,,,,
d38_20,5,20,674,12.6659,94.9,80.2,137.4,,,,,,
d38_20,6,20,618,16.4972,99.0,74.6,133.9,,,,,,
d38_20,7,20,177,17.1769,100.5,59.0,137.6,,,,,,
d38_20,8,20,984,12.8858,91.5,86.0,136.8,,,,,,
d38_20,9,20,891,12.1764,84.8,82.7,136.0,,,,,,
d38_20,10,20,786,11.2094,89.1,79.4,122.8,,,,,,
d38_20,11,20,394,12.0221,94.8,67.6,129.9,,,,,,
d38_20,12,20,518,15.6492,89.7,73.5,108.0,,,,,,
d38_20,13,20,252,9.7111,84.9,62.8,134.1,,,,,,
d38_20,14,20,648,11.7299,80.3,74.4,131.1,,,,,,
d38_20,15,20,423,14.4967,97.8,68.9,135.2,,,,,,
d38_30,1,30,1019,15.8827,86.3,90.5,120.4,,,,,,
d38_30,2,30,462,13.8758,82.2,72.4,117.2,,,,,,
d38_30,3,30,561,13.5509,89.6,75.3,117.2,,,,,,
d38_30,4,30,300,14.4541,94.2,62.9,141.4,,,,,,
d38_30,5,30,249,13.4710,90.3,61.0,137.5,,,,,,
d38_30,6,30,253,21.0779,88.8,60.9,134.3,,,,,,
d38_30,7,30,552,22.0776,91.4,76.1,144.0,,,,,,
d38_30,8,30,282,14.8959,102.6,65.2,111.0,,,,,,
d38_30,9,30,144,23.4392,100.4,57.5,114.6,,,,,,
d38_30,10,30,990,10.6573,87.6,91.2,126.9,,,,,,
d38_30,11,30,364,10.5188,83.5,65.9,121.4,,,,,,
d38_30,12,30,1124,11.1798,83.1,90.1,125.8,,,,,,
d38_30,13,30,502,12.4288,87.1,72.8,153.1,,,,,,
d38_30,14,30,369,20.2144,101.3,66.4,113.9,,,,,,
d38_30,15,30,234,13.9303,99.8,62.8,121.1,,,,,,
d39_10,1,10,441,14.9738,86.8,73.7,133.3,,,,,,
d39_10,2,10,417,14.3021,84.0,68.6,119.9,,,,,,
d39_10,3,10,447,15.1973,79.2,70.9,113.4,,,,,,
d39_10,4,10,670,11.4711,89.2,83.3,127.2,,,,,,
d39_10,5,10,815,13.6936,86.1,81.9,126.8,,,,,,
d39_10,6,10,966,11.1437,93.6,86.0,133.6,,,,,,
d39_10,7,10,350,12.0628,82.2,66.9,139.3,,,,,,
d39_10,8,10,63,13.0953,100.8,50.8,127.2,,,,,,
d39_10,9,10,411,13.4114,88.1,73.7,130.6,,,,,,
d39_10,10,10,783,13.5904,75.1,79.3,132.5,,,,,,
d39_10,11,10,615,13.2185,82.7,78.3,126.6,,,,,,
d39_10,12,10,1177,12.7233,86.9,93.5,124.0,,,,,,
d39_10,13,10,327,12.4475,83.3,65.5,122.3,,,,,,
d39_10,14,10,97,23.4381,109.4,53.5,123.0,,,,,,
d39_10,15,10,39,20.2011,103.8,48.3,120.9,,,,,,
d39_20,1,20,273,29.8655,91.1,61.6,144.9,,,,,,
d39_20,2,20,305,24.2167,87.7,63.9,136.0,,,,,,
d39_20,3,20,163,22.3638,108.3,58.0,119.0,,,,,,
d39_20,4,20,309,22.1766,88.4,62.0,116.2,,,,,,
d39_20,5,20,282,20.7363,94.3,66.8,117.1,,,,,,
d39_20,6,20,167,19.9138,88.9,60.0,115.9,,,,,,
d39_20,7,20,729,18.3035,84.2,83.8,124.7,,,,,,
d39_20,8,20,787,17.6684,89.2,85.9,123.6,,,,,,
d39_20,9,20,615,16.9101,82.7,78.3,126.6,,,,,,
d39_20,10,20,613,16.3716,87.6,73.7,133.6,,,,,,
d39_20,11,20,815,18.3184,86.1,81.9,126.8,,,,,,
d39_20,12,20,1082,16.1987,86.0,92.2,128.6,,,,,,
d39_20,13,20,671,18.8736,77.3,82.1,125.6,,,,,,
d39_20,14,20,522,12.1179,76.7,72.9,127.4,,,,,,
d39_20,15,20,447,16.9657,79.2,70.9,113.4,,,,,,
d39_30,1,30,641,32.2914,74.6,78.9,120.8,,,,,,
d39_30,2,30,446,24.6129,80.7,68.8,118.9,,,,,,
d39_30,3,30,522,19.7263,76.7,72.9,127.4,,,,,,
d39_30,4,30,327,14.5487,83.3,65.5,122.3,,,,,,
d39_30,5,30,696,20.4959,79.1,81.5,113.2,,,,,,
d39_30,6,30,379,22.1288,80.5,68.9,125.7,,,,,,
d39_30,7,30,671,16.8870,77.3,82.1,125.6,,,,,,
d39_30,8,30,729,13.9652,84.2,83.8,124.7,,,,,,
d39_30,9,30,869,14.1736,88.5,85.2,121.3,,,,,,
d39_30,10,30,1116,14.4784,83.4,90.6,129.3,,,,,,
d39_30,11,30,629,21.3954,78.1,81.7,150.5,,,,,,
d39_30,12,30,492,16.4006,90.7,75.4,146.7,,,,,,
d39_30,13,30,779,15.9819,74.6,80.3,141.7,,,,,,
d39_30,14,30,1003,13.4398,92.0,89.5,124.1,,,,,,
d39_30,15,30,869,14.1736,88.5,85.2,121.3,,,,,,
d40_10,1,10,830,19.2298,87.4,76.3,137.4,,,,,,
d40_10,2,10,833,20.1923,91.3,76.2,133.7,,,,,,
d40_10,3,10,870,17.7390,84.1,76.9,127.9,,,,,,
d40_10,4,10,905,18.1159,86.3,78.5,117.3,,,,,,
d40_10,5,10,270,17.8689,100.0,57.0,113.9,,,,,,
d40_10,6,10,298,19.5069,98.2,60.3,109.8,,,,,,
d40_10,7,10,408,18.3448,91.6,61.5,146.1,,,,,,
d40_10,8,10,998,15.4275,94.9,82.3,132.6,,,,,,
d40_10,9,10,812,15.2771,85.9,75.9,114.3,,,,,,
d40_10,10,10,261,14.7761,102.3,57.1,133.7,,,,,,
d40_10,11,10,242,22.8403,107.8,55.6,123.6,,,,,,
d40_10,12,10,199,16.7658,104.1,53.2,107.6,,,,,,
d40_10,13,10,568,12.5710,92.1,70.3,119.2,,,,,,
d40_10,14,10,1001,15.6783,86.4,80.3,126.1,,,,,,
d40_10,15,10,498,11.2628,89.3,67.0,131.9,,,,,,
d40_20,1,20,308,19.6450,99.5,56.5,153.4,,,,,,
d40_20,2,20,270,19.9209,100.0,57.0,113.9,,,,,,
d40_20,3,20,772,14.5717,84.4,77.1,127.1,,,,,,
d40_20,4,20,870,14.2332,84.1,76.9,127.9,,,,,,
d40_20,5,20,169,21.5606,109.9,54.9,150.1,,,,,,
d40_20,6,20,492,15.2755,98.9,65.7,150.5,,,,,,
d40_20,7,20,278,14.7358,106.8,58.1,162.5,,,,,,
d40_20,8,20,204,16.6243,101.6,55.5,152.9,,,,,,
d40_20,9,20,559,9.6882,100.2,69.0,136.5,,,,,,
d40_20,10,20,989,11.6342,97.2,81.6,145.9,,,,,,
d40_20,11,20,687,10.0377,81.9,69.4,117.7,,,,,,
d40_20,12,20,827,12.0582,80.8,78.6,139.6,,,,,,
d40_20,13,20,964,9.4701,96.8,82.8,133.0,,,,,,
d40_20,14,20,414,8.4848,88.3,62.3,140.1,,,,,,
d40_20,15,20,264,9.9851,98.3,58.4,125.2,,,,,,
d40_30,1,30,996,18.3443,91.1,82.5,138.5,,,,,,
d40_30,2,30,738,29.3560,78.5,72.3,135.7,,,,,,
d40_30,3,30,589,18.7060,93.3,67.3,115.8,,,,,,
d40_30,4,30,474,21.0887,88.2,62.5,111.2,,,,,,
d40_30,5,30,274,24.8353,93.2,60.6,106.8,,,,,,
d40_30,6,30,710,14.6218,82.1,70.9,126.8,,,,,,
d40_30,7,30,248,16.5923,96.0,57.4,100.7,,,,,,
d40_30,8,30,564,11.1658,83.9,69.9,125.2,,,,,,
d40_30,9,30,467,11.3337,84.7,64.0,132.3,,,,,,
d40_30,10,30,772,10.9080,84.4,77.1,127.1,,,,,,
d40_30,11,30,332,12.9034,93.2,59.0,144.7,,,,,,
d40_30,12,30,808,13.6477,76.1,74.7,126.5,,,,,,
d40_30,13,30,989,12.1370,97.2,81.6,145.9,,,,,,
d40_30,14,30,617,8.1304,91.3,71.3,139.9,,,,,,
d40_30,15,30,500,8.6812,80.8,67.5,132.1,,,,,,
d41_10,1,10,481,15.9458,73.4,68.9,142.3,,,,,,
d41_10,2,10,434,18.6264,90.9,65.1,118.4,,,,,,
d41_10,3,10,961,15.7898,86.2,86.2,127.3,,,,,,
d41_10,4,10,115,15.4804,94.1,49.7,125.0,,,,,,
d41_10,5,10,430,13.0346,74.0,67.0,137.1,,,,,,
d41_10,6,10,578,11.1997,81.7,75.8,127.6,,,,,,
d41_10,7,10,744,11.1479,81.5,83.7,122.2,,,,,,
d41_10,8,10,1093,12.3494,87.1,90.5,125.0,,,,,,
d41_10,9,10,320,14.6145,98.3,61.0,121.4,,,,,,
d41_10,10,10,407,7.7638,76.6,64.0,131.9,,,,,,
d41_10,11,10,410,9.1290,75.2,63.7,129.3,,,,,,
d41_10,12,10,461,10.4826,84.9,66.5,129.3,,,,,,
d41_10,13,10,234,9.3849,91.1,58.0,125.6,,,,,,
d41_10,14,10,668,9.7357,80.5,77.2,141.8,,,,,,
d41_10,15,10,579,9.9818,73.5,69.6,122.7,,,,,,
d41_20,1,20,389,18.9492,92.2,63.7,118.1,,,,,,
d41_20,2,20,489,12.8456,93.5,67.9,130.9,,,,,,
d41_20,3,20,642,13.0131,79.5,78.4,126.5,,,,,,
d41_20,4,20,491,20.0766,76.6,70.4,109.4,,,,,,
d41_20,5,20,675,13.9308,86.2,77.8,128.0,,,,,,
d41_20,6,20,238,15.1941,92.2,57.9,119.5,,,,,,
d41_20,7,20,366,18.3237,84.6,59.9,112.1,,,,,,
d41_20,8,20,1028,10.6755,74.6,92.1,131.2,,,,,,
d41_20,9,20,532,10.0438,94.0,69.6,132.2,,,,,,
d41_20,10,20,101,14.2886,91.1,50.5,125.1,,,,,,
d41_20,11,20,41,18.7253,103.2,46.0,132.9,,,,,,
d41_20,12,20,410,10.4323,75.2,63.7,129.3,,,,,,
d41_20,13,20,277,8.1846,87.0,61.8,138.1,,,,,,
d41_20,14,20,288,24.0850,86.2,58.9,108.4,,,,,,
d41_20,15,20,492,21.0470,82.0,69.0,106.0,,,,,,
d41_30,1,30,430,14.2587,74.0,67.0,137.1,,,,,,
d41_30,2,30,410,14.0973,75.2,63.7,129.3,,,,,,
d41_30,3,30,319,13.5611,82.9,59.2,122.6,,,,,,
d41_30,4,30,465,18.6485,75.8,67.2,116.0,,,,,,
d41_30,5,30,578,15.4133,81.7,75.8,127.6,,,,,,
d41_30,6,30,513,19.8040,82.1,72.3,117.3,,,,,,
d41_30,7,30,649,15.1052,84.0,79.0,118.1,,,,,,
d41_30,8,30,357,13.1890,76.9,62.7,138.0,,,,,,
d41_30,9,30,1144,17.9525,72.8,93.9,132.2,,,,,,
d41_30,10,30,100,21.0738,100.7,52.0,128.4,,,,,,
d41_30,11,30,284,19.5924,103.1,59.2,116.8,,,,,,
d41_30,12,30,260,8.2654,93.2,59.5,119.9,,,,,,
d41_30,13,30,185,10.0462,93.7,51.6,137.7,,,,,,
d41_30,14,30,489,6.1234,93.5,67.9,130.9,,,,,,
d41_30,15,30,720,11.0775,79.8,83.1,120.7,,,,,,
d42_10,1,10,312,12.2737,96.2,68.7,151.2,,,,,,
d42_10,2,10,371,13.5290,102.9,69.8,150.6,,,,,,
d42_10,3,10,377,10.3269,94.3,71.8,142.7,,,,,,
d42_10,4,10,412,8.6897,92.8,74.0,141.9,,,,,,
d42_10,5,10,490,8.4519,93.9,75.1,141.4,,,,,,
d42_10,6,10,575,7.2836,79.2,76.3,130.5,,,,,,
d42_10,7,10,344,9.1995,91.0,69.9,140.0,,,,,,
d42_10,8,10,601,6.8959,79.7,78.2,132.6,,,,,,
d42_10,9,10,609,9.0484,79.6,77.6,119.0,,,,,,
d42_10,10,10,460,9.9922,98.6,74.5,139.1,,,,,,
d42_10,11,10,319,7.0987,86.0,66.8,135.7,,,,,,
d42_10,12,10,549,7.4049,81.0,74.6,134.7,,,,,,
d42_10,13,10,572,6.2766,79.6,75.0,137.2,,,,,,
d42_10,14,10,341,8.8232,90.8,69.0,153.7,,,,,,
d42_10,15,10,312,12.2737,96.2,68.7,151.2,,,,,,
d42_20,1,20,657,14.4903,84.5,82.6,134.4,,,,,,
d42_20,2,20,346,12.8291,95.7,70.1,135.4,,,,,,
d42_20,3,20,601,11.6496,79.7,78.2,132.6,,,,,,
d42_20,4,20,213,10.7070,89.7,62.8,135.3,,,,,,
d42_20,5,20,277,12.2432,102.5,65.3,136.4,,,,,,
d42_20,6,20,115,14.6625,98.3,59.5,135.0,,,,,,
d42_20,7,20,654,9.6791,78.7,77.8,132.7,,,,,,
d42_20,8,20,312,9.1535,96.2,68.7,151.2,,,,,,
d42_20,9,20,575,8.6677,79.2,76.3,130.5,,,,,,
d42_20,10,20,414,8.9229,84.4,72.8,135.2,,,,,,
d42_20,11,20,630,8.6799,95.2,79.5,133.8,,,,,,
d42_20,12,20,550,9.4747,85.7,73.9,132.3,,,,,,
d42_20,13,20,186,8.9154,90.3,61.7,129.1,,,,,,
d42_20,14,20,252,8.9495,96.7,63.6,129.8,,,,,,
d42_20,15,20,322,9.0800,94.4,71.8,126.1,,,,,,
d42_30,1,30,412,10.8708,92.8,74.0,141.9,,,,,,
d42_30,2,30,490,11.2342,93.9,75.1,141.4,,,,,,
d42_30,3,30,377,13.2846,94.3,71.8,142.7,,,,,,
d42_30,4,30,100,10.9647,100.6,57.3,114.3,,,,,,
d42_30,5,30,268,29.0024,103.7,67.5,150.9,,,,,,
d42_30,6,30,409,22.7833,98.9,73.4,150.6,,,,,,
d42_30,7,30,288,19.5369,97.5,69.8,153.4,,,,,,
d42_30,8,30,312,18.6283,96.2,68.7,151.2,,,,,,
d42_30,9,30,295,18.2031,103.2,66.0,134.2,,,,,,
d42_30,10,30,187,10.9238,102.8,61.4,127.1,,,,,,
d42_30,11,30,181,12.7120,96.6,59.9,131.9,,,,,,
d42_30,12,30,573,10.1874,92.0,75.1,135.3,,,,,,
d42_30,13,30,148,16.0217,101.4,61.5,134.1,,,,,,
d42_30,14,30,344,9.8380,91.0,69.9,140.0,,,,,,
d42_30,15,30,270,11.4072,93.2,64.7,150.6,,,,,,
d43_10,1,10,461,25.6469,86.0,75.6,129.3,,,,,,
d43_10,2,10,385,24.0484,76.4,69.8,131.6,,,,,,
d43_10,3,10,487,21.2764,91.2,74.4,129.1,,,,,,
d43_10,4,10,730,19.9845,92.6,81.9,123.7,,,,,,
d43_10,5,10,457,24.7995,79.6,67.3,139.4,,,,,,
d43_10,6,10,841,21.9960,76.1,84.6,114.7,,,,,,
d43_10,7,10,341,15.7139,83.7,64.1,146.1,,,,,,
d43_10,8,10,431,16.4339,92.7,70.0,131.5,,,,,,
d43_10,9,10,399,15.6744,86.8,70.2,150.5,,,,,,
d43_10,10,10,724,19.3183,91.7,80.9,135.0,,,,,,
d43_10,11,10,759,19.0771,78.2,84.2,125.8,,,,,,
d43_10,12,10,346,15.5727,79.1,66.2,130.1,,,,,,
d43_10,13,10,589,14.2751,80.3,74.1,134.0,,,,,,
d43_10,14,10,696,13.3655,82.8,76.6,136.6,,,,,,
d43_10,15,10,537,14.2640,74.8,71.7,133.8,,,,,,
d43_20,1,20,461,37.5049,86.0,75.6,129.3,,,,,,
d43_20,2,20,566,47.2681,83.3,72.4,128.9,,,,,,
d43_20,3,20,258,20.8909,91.9,64.4,130.5,,,,,,
d43_20,4,20,593,20.1691,90.9,79.8,123.3,,,,,,
d43_20,5,20,727,23.1816,85.1,78.5,131.8,,,,,,
d43_20,6,20,130,20.2852,91.5,54.8,140.8,,,,,,
d43_20,7,20,177,20.1147,100.4,57.8,136.9,,,,,,
d43_20,8,20,616,20.0369,87.1,76.9,128.3,,,,,,
d43_20,9,20,729,18.2012,87.1,79.3,125.5,,,,,,
d43_20,10,20,385,15.5628,76.4,69.8,131.6,,,,,,
d43_20,11,20,192,18.2126,88.6,61.3,133.2,,,,,,
d43_20,12,20,247,16.2941,85.8,65.2,126.0,,,,,,
d43_20,13,20,508,13.4883,86.5,77.5,133.6,,,,,,
d43_20,14,20,265,13.7127,85.5,64.3,124.3,,,,,,
d43_20,15,20,757,18.5913,87.6,79.9,133.5,,,,,,
d43_30,1,30,347,39.2105,94.7,66.6,130.4,,,,,,
d43_30,2,30,367,25.5662,92.9,66.5,130.3,,,,,,
d43_30,3,30,696,33.8993,82.8,76.6,136.6,,,,,,
d43_30,4,30,192,27.1160,88.6,61.3,133.2,,,,,,
d43_30,5,30,589,24.6284,80.3,74.1,134.0,,,,,,
d43_30,6,30,485,29.0942,81.4,76.3,136.5,,,,,,
d43_30,7,30,431,26.5197,92.7,70.0,131.5,,,,,,
d43_30,8,30,531,18.9716,86.5,75.4,143.3,,,,,,
d43_30,9,30,461,23.3593,86.0,75.6,129.3,,,,,,
d43_30,10,30,487,22.5772,91.2,74.4,129.1,,,,,,
d43_30,11,30,145,20.0246,85.1,56.8,139.7,,,,,,
d43_30,12,30,130,28.4994,91.5,54.8,140.8,,,,,,
d43_30,13,30,724,23.8013,91.7,80.9,135.0,,,,,,
d43_30,14,30,917,20.0840,88.1,87.4,121.2,,,,,,
d43_30,15,30,177,28.6622,100.4,57.8,136.9,,,,,,
d44_10,1,10,465,25.7995,98.6,77.6,131.2,,,,,,
d44_10,2,10,356,20.1701,95.2,72.5,127.9,,,,,,
d44_10,3,10,260,28.5884,93.4,67.6,117.3,,,,,,
d44_10,4,10,189,19.8528,91.7,63.8,135.1,,,,,,
d44_10,5,10,615,15.6055,92.2,82.1,137.6,,,,,,
d44_10,6,10,643,19.7214,96.1,83.3,137.6,,,,,,
d44_10,7,10,414,15.8185,87.2,73.7,132.6,,,,,,
d44_10,8,10,317,17.6720,101.8,68.0,137.2,,,,,,
d44_10,9,10,429,16.2973,88.6,75.1,131.5,,,,,,
d44_10,10,10,409,19.2854,99.4,73.5,137.4,,,,,,
d44_10,11,10,640,16.7645,85.6,82.8,147.1,,,,,,
d44_10,12,10,583,14.2463,87.0,82.7,146.1,,,,,,
d44_10,13,10,669,14.4360,98.6,84.6,138.3,,,,,,
d44_10,14,10,408,13.9120,94.0,72.5,139.1,,,,,,
d44_10,15,10,337,20.1438,98.3,69.8,136.0,,,,,,
d44_20,1,20,766,27.1578,82.7,91.5,133.0,,,,,,
d44_20,2,20,783,22.1060,96.9,89.3,135.0,,,,,,
d44_20,3,20,679,21.1137,93.5,83.0,126.6,,,,,,
d44_20,4,20,785,21.0467,82.2,89.9,130.1,,,,,,
d44_20,5,20,872,22.5260,84.9,93.0,129.9,,,,,,
d44_20,6,20,614,14.1241,98.8,81.8,136.3,,,,,,
d44_20,7,20,356,18.3495,95.2,72.5,127.9,,,,,,
d44_20,8,20,463,17.7800,85.6,78.8,136.4,,,,,,
d44_20,9,20,255,19.0330,88.9,67.0,133.2,,,,,,
d44_20,10,20,354,16.8465,92.3,69.1,149.3,,,,,,
d44_20,11,20,618,11.3322,83.9,79.3,134.4,,,,,,
d44_20,12,20,482,14.5599,87.8,76.6,131.1,,,,,,
d44_20,13,20,462,10.6152,93.5,80.4,137.2,,,,,,
d44_20,14,20,1140,12.6452,90.0,98.0,133.3,,,,,,
d44_20,15,20,967,24.0208,85.8,95.6,129.9,,,,,,
d44_30,1,30,356,13.8932,95.2,72.5,127.9,,,,,,
d44_30,2,30,482,12.9726,87.8,76.6,131.1,,,,,,
d44_30,3,30,465,13.8555,98.6,77.6,131.2,,,,,,
d44_30,4,30,517,22.6795,90.0,78.1,120.5,,,,,,
d44_30,5,30,358,15.4218,89.1,73.1,118.2,,,,,,
d44_30,6,30,260,22.4643,93.4,67.6,117.3,,,,,,
d44_30,7,30,147,17.1871,98.7,60.4,115.1,,,,,,
d44_30,8,30,189,10.8053,91.7,63.8,135.1,,,,,,
d44_30,9,30,653,14.8435,88.7,81.7,119.8,,,,,,
d44_30,10,30,337,10.5126,98.3,69.8,136.0,,,,,,
d44_30,11,30,332,10.3831,101.2,71.0,145.8,,,,,,
d44_30,12,30,204,10.1614,98.5,62.8,147.7,,,,,,
d44_30,13,30,185,13.5826,105.9,60.0,148.7,,,,,,
d44_30,14,30,157,10.8770,103.9,59.3,142.5,,,,,,
d44_30,15,30,291,10.5278,95.5,66.4,146.3,,,,,,
d45_10,1,10,545,18.8485,84.9,61.0,140.5,,,,,,
d45_10,2,10,547,11.3098,88.1,62.0,137.6,,,,,,
d45_10,3,10,708,9.7472,81.7,66.8,132.7,,,,,,
d45_10,4,10,551,9.9295,79.9,63.9,124.0,,,,,,
d45_10,5,10,954,11.5975,89.6,78.7,124.8,,,,,,
d45_10,6,10,549,11.6287,92.9,62.5,129.4,,,,,,
d45_10,7,10,855,10.8667,84.9,78.2,123.7,,,,,,
d45_10,8,10,767,9.4182,78.0,70.3,117.6,,,,,,
d45_10,9,10,327,10.8086,94.9,54.2,116.7,,,,,,
d45_10,10,10,399,10.0863,93.3,58.7,129.5,,,,,,
d45_10,11,10,452,14.8261,98.7,59.0,129.0,,,,,,
d45_10,12,10,201,9.8988,96.1,48.0,128.2,,,,,,
d45_10,13,10,765,8.4858,79.2,71.3,119.0,,,,,,
d45_10,14,10,451,8.0208,93.6,61.6,137.8,,,,,,
d45_10,15,10,426,13.0023,95.8,58.8,128.7,,,,,,
d45_20,1,20,594,12.7439,83.0,64.4,144.3,,,,,,
d45_20,2,20,545,12.0106,84.9,61.0,140.5,,,,,,
d45_20,3,20,547,16.5797,88.1,62.0,137.6,,,,,,
d45_20,4,20,593,12.1946,85.7,66.4,146.2,,,,,,
d45_20,5,20,327,12.0516,94.9,54.2,116.7,,,,,,
d45_20,6,20,706,10.2553,79.0,69.2,135.6,,,,,,
d45_20,7,20,492,10.3570,81.9,61.8,134.0,,,,,,
d45_20,8,20,708,9.2603,81.7,66.8,132.7,,,,,,
d45_20,9,20,762,7.0266,85.7,75.1,132.1,,,,,,
d45_20,10,20,855,7.0553,84.9,78.2,123.7,,,,,,
d45_20,11,20,548,7.7128,84.5,62.0,137.8,,,,,,
d45_20,12,20,142,8.6159,92.8,44.4,122.1,,,,,,
d45_20,13,20,954,7.7248,89.6,78.7,124.8,,,,,,
d45_20,14,20,1145,8.1861,75.0,83.2,120.4,,,,,,
d45_20,15,20,1043,8.2123,75.1,81.8,120.8,,,,,,
d45_30,1,30,1010,29.1099,83.7,77.6,126.3,,,,,,
d45_30,2,30,1105,19.2641,83.8,80.0,129.8,,,,,,
d45_30,3,30,708,24.2377,81.7,66.8,132.7,,,,,,
d45_30,4,30,602,20.5286,82.0,67.7,122.4,,,,,,
d45_30,5,30,819,19.9944,89.2,75.9,127.9,,,,,,
d45_30,6,30,762,14.8603,85.7,75.1,132.1,,,,,,
d45_30,7,30,910,17.9065,84.2,77.4,118.0,,,,,,
d45_30,8,30,883,18.5942,81.7,78.7,119.6,,,,,,
d45_30,9,30,797,19.9033,79.2,77.6,128.7,,,,,,
d45_30,10,30,1146,16.6171,80.1,85.8,121.7,,,,,,
d45_30,11,30,522,21.8755,85.0,63.5,129.0,,,,,,
d45_30,12,30,551,15.9998,79.9,63.9,124.0,,,,,,
d45_30,13,30,492,18.0540,81.9,61.8,134.0,,,,,,
d45_30,14,30,1254,15.5950,82.7,87.9,122.5,,,,,,
d45_30,15,30,1147,18.7864,72.9,85.8,114.0,,,,,,
d46_10,1,10,1256,30.4076,71.7,86.8,110.2,,,,,,
d46_10,2,10,407,29.6002,90.1,62.2,98.0,,,,,,
d46_10,3,10,695,19.9592,81.8,70.2,112.7,,,,,,
d46_10,4,10,919,19.7272,75.6,80.7,109.3,,,,,,
d46_10,5,10,1181,21.9966,75.3,82.6,109.0,,,,,,
d46_10,6,10,343,21.5104,99.0,58.6,101.3,,,,,,
d46_10,7,10,171,25.6063,98.1,54.1,102.3,,,,,,
d46_10,8,10,189,25.7761,113.3,54.1,103.7,,,,,,
d46_10,9,10,857,16.4257,96.9,77.1,100.8,,,,,,
d46_10,10,10,887,16.9833,79.8,80.8,103.7,,,,,,
d46_10,11,10,213,16.7505,94.1,55.9,106.0,,,,,,
d46_10,12,10,209,18.5959,103.6,55.1,110.5,,,,,,
d46_10,13,10,760,15.7725,96.3,75.2,101.3,,,,,,
d46_10,14,10,854,14.0384,94.2,76.0,98.6,,,,,,
d46_10,15,10,526,12.3767,84.9,68.7,106.2,,,,,,
d46_20,1,20,406,22.0014,98.3,61.2,100.0,,,,,,
d46_20,2,20,343,22.0913,99.0,58.6,101.3,,,,,,
d46_20,3,20,442,41.4225,103.9,62.4,104.8,,,,,,
d46_20,4,20,999,15.9315,98.5,80.3,102.8,,,,,,
d46_20,5,20,760,14.5694,96.3,75.2,101.3,,,,,,
d46_20,6,20,764,14.8678,90.8,76.3,96.1,,,,,,
d46_20,7,20,762,15.1546,94.4,75.3,98.6,,,,,,
d46_20,8,20,149,22.1720,98.8,52.9,100.2,,,,,,
d46_20,9,20,372,34.1485,106.6,60.6,102.5,,,,,,
d46_20,10,20,341,32.3395,101.4,59.4,104.7,,,,,,
d46_20,11,20,189,14.1552,113.3,54.1,103.7,,,,,,
d46_20,12,20,638,9.9957,87.9,70.4,99.4,,,,,,
d46_20,13,20,759,9.8939,87.3,70.4,99.4,,,,,,
d46_20,14,20,893,12.2224,86.7,75.1,94.3,,,,,,
d46_20,15,20,344,12.9945,93.6,60.2,100.5,,,,,,
d46_30,1,30,857,19.0514,96.9,77.1,100.8,,,,,,
d46_30,2,30,343,31.1382,99.0,58.6,101.3,,,,,,
d46_30,3,30,190,20.8159,107.1,55.0,100.4,,,,,,
d46_30,4,30,854,13.7703,94.2,76.0,98.6,,,,,,
d46_30,5,30,999,12.9858,98.5,80.3,102.8,,,,,,
d46_30,6,30,344,12.9257,93.6,60.2,100.5,,,,,,
d46_30,7,30,335,8.2704,87.9,60.4,111.4,,,,,,
d46_30,8,30,341,10.0994,101.4,59.4,104.7,,,,,,
d46_30,9,30,263,11.0068,93.9,56.0,117.8,,,,,,
d46_30,10,30,207,9.8775,93.6,56.3,117.5,,,,,,
d46_30,11,30,760,9.7794,96.3,75.2,101.3,,,,,,
d46_30,12,30,372,14.9574,106.6,60.6,102.5,,,,,,
d46_30,13,30,397,12.5552,85.8,62.7,122.8,,,,,,
d46_30,14,30,398,11.8631,88.3,62.1,121.5,,,,,,
d46_30,15,30,171,42.0099,98.1,54.1,102.3,,,,,,
d47_10,1,10,346,9.5705,86.4,57.4,115.6,,,,,,
d47_10,2,10,1146,22.9650,72.6,86.6,123.4,,,,,,
d47_10,3,10,676,11.0675,76.3,68.4,126.4,,,,,,
d47_10,4,10,317,11.3776,92.9,57.7,117.1,,,,,,
d47_10,5,10,450,9.2620,81.5,65.0,134.7,,,,,,
d47_10,6,10,718,7.1908,80.1,68.5,122.9,,,,,,
d47_10,7,10,475,6.9931,78.7,64.2,126.8,,,,,,
d47_10,8,10,1245,19.6209,75.7,90.6,122.1,,,,,,
d47_10,9,10,805,7.5092,72.0,73.5,126.5,,,,,,
d47_10,10,10,807,7.5596,85.5,73.5,123.3,,,,,,
d47_10,11,10,222,7.9265,91.3,52.2,116.7,,,,,,
d47_10,12,10,396,7.3987,80.6,62.0,135.6,,,,,,
d47_10,13,10,774,6.6342,83.2,72.4,125.0,,,,,,
d47_10,14,10,344,6.9677,89.8,58.7,117.1,,,,,,
d47_10,15,10,876,7.2565,90.7,74.5,126.1,,,,,,
d47_20,1,20,774,17.4995,83.2,72.4,125.0,,,,,,
d47_20,2,20,875,10.9596,87.8,75.1,127.2,,,,,,
d47_20,3,20,872,10.7701,86.3,75.8,138.1,,,,,,
d47_20,4,20,1042,13.8455,89.9,80.9,134.8,,,,,,
d47_20,5,20,1039,14.2960,94.8,78.5,136.3,,,,,,
d47_20,6,20,1304,13.1119,82.4,89.0,129.8,,,,,,
d47_20,7,20,642,10.1547,89.4,73.2,137.0,,,,,,
d47_20,8,20,249,11.5602,98.6,54.9,116.1,,,,,,
d47_20,9,20,806,7.9090,71.7,73.2,123.9,,,,,,
d47_20,10,20,396,6.8438,80.6,62.0,135.6,,,,,,
d47_20,11,20,474,6.6756,80.1,63.6,131.0,,,,,,
d47_20,12,20,539,8.9727,83.1,69.9,125.9,,,,,,
d47_20,13,20,624,6.3548,82.9,65.4,110.7,,,,,,
d47_20,14,20,335,6.6787,83.2,59.3,131.9,,,,,,
d47_20,15,20,986,6.5921,70.2,79.1,114.7,,,,,,
d47_30,1,30,915,11.1326,70.0,76.4,125.8,,,,,,
d47_30,2,30,1276,14.3436,79.8,89.9,129.8,,,,,,
d47_30,3,30,1393,11.5881,80.0,93.5,133.4,,,,,,
d47_30,4,30,1210,14.4035,76.5,89.6,130.5,,,,,,
d47_30,5,30,1183,7.3536,87.5,83.8,119.5,,,,,,
d47_30,6,30,1451,7.9035,66.0,92.6,113.6,,,,,,
d47_30,7,30,914,10.8269,69.7,77.1,130.8,,,,,,
d47_30,8,30,844,9.1801,71.2,75.5,132.2,,,,,,
d47_30,9,30,1042,8.1961,89.9,80.9,134.8,,,,,,
d47_30,10,30,1450,7.1977,73.9,92.1,116.5,,,,,,
d47_30,11,30,677,5.2868,87.9,69.9,120.8,,,,,,
d47_30,12,30,876,6.0052,90.7,74.5,126.1,,,,,,
d47_30,13,30,297,6.0152,83.9,58.0,117.8,,,,,,
d47_30,14,30,243,5.7965,86.6,54.7,126.4,,,,,,
d47_30,15,30,847,6.1928,72.3,73.5,126.4,,,,,,
d48_10,1,10,735,19.4764,84.5,74.7,127.4,,,,,,
d48_10,2,10,423,25.1451,86.3,63.5,120.6,,,,,,
d48_10,3,10,556,23.2110,90.3,68.9,123.9,,,,,,
d48_10,4,10,286,29.3160,87.7,56.5,115.3,,,,,,
d48_10,5,10,185,29.7368,86.8,55.6,118.7,,,,,,
d48_10,6,10,128,25.8547,91.9,50.9,114.6,,,,,,
d48_10,7,10,98,20.1686,93.0,50.0,109.4,,,,,,
d48_10,8,10,735,19.4764,84.5,74.7,127.4,,,,,,
d48_10,9,10,527,16.9566,77.8,66.1,121.2,,,,,,
d48_10,10,10,3920,14.2403,80.5,61.3,116.2,,,,,,
d48_10,11,10,890,14.3840,91.3,77.6,119.6,,,,,,
d48_10,12,10,402,16.5860,86.2,64.2,113.3,,,,,,
d48_10,13,10,157,17.0103,92.3,53.0,108.9,,,,,,
d48_10,14,10,310,12.1661,84.1,60.2,123.3,,,,,,
d48_10,15,10,373,11.4310,82.7,61.1,122.2,,,,,,
d48_20,1,20,476,12.1070,79.5,66.4,114.0,,,,,,
d48_20,2,20,558,11.8413,81.5,71.7,117.8,,,,,,
d48_20,3,20,621,12.0627,85.4,74.7,120.2,,,,,,
d48_20,4,20,474,12.3947,85.8,65.2,120.8,,,,,,
d48_20,5,20,740,12.4482,76.8,69.8,117.0,,,,,,
d48_20,6,20,1008,12.3714,80.6,82.9,109.9,,,,,,
d48_20,7,20,1108,12.4211,83.2,84.6,110.6,,,,,,
d48_20,8,20,799,10.5073,84.7,74.7,121.7,,,,,,
d48_20,9,20,620,10.6546,87.0,74.2,120.2,,,,,,
d48_20,10,20,3919,11.2228,80.7,64.1,112.2,,,,,,
d48_20,11,20,3920,8.0378,80.5,61.3,116.2,,,,,,
d48_20,12,20,530,7.9260,87.9,69.1,115.4,,,,,,
d48_20,13,20,1007,10.3568,90.1,82.6,113.8,,,,,,
d48_20,14,20,527,7.6125,77.8,66.1,121.2,,,,,,
d48_20,15,20,373,9.3831,82.7,61.1,122.2,,,,,,
d48_30,1,30,735,35.5873,84.5,74.7,127.4,,,,,,
d48_30,2,30,711,21.2072,86.5,75.1,118.7,,,,,,
d48_30,3,30,1007,20.2130,90.1,82.6,113.8,,,,,,
d48_30,4,30,254,24.4913,85.2,56.8,121.7,,,,,,
d48_30,5,30,730,23.1123,79.5,76.3,137.5,,,,,,
d48_30,6,30,834,21.8976,78.9,79.5,130.6,,,,,,
d48_30,7,30,185,22.3930,86.8,55.6,118.7,,,,,,
d48_30,8,30,129,20.5572,93.8,50.9,111.5,,,,,,
d48_30,9,30,188,21.6047,96.1,54.9,111.0,,,,,,
d48_30,10,30,310,21.1603,84.1,60.2,123.3,,,,,,
d48_30,11,30,402,17.3193,86.2,64.2,113.3,,,,,,
d48_30,12,30,530,16.5043,87.9,69.1,115.4,,,,,,
d48_30,13,30,3920,16.5905,80.5,61.3,116.2,,,,,,
d48_30,14,30,1074,14.5915,82.7,85.7,113.3,,,,,,
d48_30,15,30,157,18.3730,92.3,53.0,108.9,,,,,,
d49_10,1,10,384,14.5373,82.6,64.8,110.2,,,,,,
d49_10,2,10,528,13.9619,73.4,69.8,116.2,,,,,,
d49_10,3,10,346,13.8037,71.8,60.9,111.6,,,,,,
d49_10,4,10,289,19.5771,76.9,57.9,112.6,,,,,,
d49_10,5,10,211,17.8220,79.4,55.6,111.6,,,,,,
d49_10,6,10,136,14.8896,80.9,54.2,110.6,,,,,,
d49_10,7,10,235,16.2568,77.2,58.2,112.9,,,,,,
d49_10,8,10,619,10.8168,80.9,74.6,114.2,,,,,,
d49_10,9,10,313,13.3251,80.4,59.8,105.1,,,,,,
d49_10,10,10,530,11.5605,68.4,69.6,111.2,,,,,,
d49_10,11,10,193,10.3885,78.9,56.5,106.2,,,,,,
d49_10,12,10,387,8.4750,75.9,61.9,105.3,,,,,,
d49_10,13,10,351,7.2428,74.0,63.0,103.3,,,,,,
d49_10,14,10,913,7.0137,68.5,77.7,107.8,,,,,,
d49_10,15,10,939,8.3568,64.4,78.1,113.0,,,,,,
d49_20,1,20,972,9.2023,72.2,82.8,103.4,,,,,,
d49_20,2,20,349,8.6631,84.5,62.7,106.9,,,,,,
d49_20,3,20,193,12.0726,78.9,56.5,106.2,,,,,,
d49_20,4,20,137,10.6130,81.9,53.1,100.9,,,,,,
d49_20,5,20,1118,8.6210,56.3,87.7,131.4,,,,,,
d49_20,6,20,1054,10.3668,66.3,84.8,130.8,,,,,,
d49_20,7,20,1145,8.9155,68.3,88.7,131.8,,,,,,
d49_20,8,20,778,6.3568,73.9,78.1,122.7,,,,,,
d49_20,9,20,526,6.3035,65.6,69.5,128.8,,,,,,
d49_20,10,20,1173,6.6371,55.9,87.8,126.5,,,,,,
d49_20,11,20,263,7.5326,86.1,57.4,117.5,,,,,,
d49_20,12,20,559,7.4146,81.1,71.7,113.3,,,,,,
d49_20,13,20,530,4.3461,68.4,69.6,111.2,,,,,,
d49_20,14,20,1089,4.2491,63.8,86.3,110.6,,,,,,
d49_20,15,20,888,4.3426,71.2,79.4,113.2,,,,,,
d49_30,1,30,465,18.1072,66.8,66.9,113.6,,,,,,
d49_30,2,30,936,12.2842,63.3,79.0,120.5,,,,,,
d49_30,3,30,806,16.4929,67.2,74.3,123.1,,,,,,
d49_30,4,30,1175,10.6693,77.2,89.4,119.9,,,,,,
d49_30,5,30,735,11.9526,65.8,78.0,119.8,,,,,,
d49_30,6,30,935,10.7217,66.2,79.6,119.4,,,,,,
d49_30,7,30,1088,8.2117,73.0,85.0,118.6,,,,,,
d49_30,8,30,743,5.4066,73.7,73.6,106.0,,,,,,
d49_30,9,30,654,5.6880,79.3,74.9,111.8,,,,,,
d49_30,10,30,530,8.8812,68.4,69.6,111.2,,,,,,
d49_30,11,30,349,5.1698,84.5,62.7,106.9,,,,,,
d49_30,12,30,649,6.5761,78.3,76.3,122.4,,,,,,
d49_30,13,30,1028,5.2224,80.5,84.6,123.8,,,,,,
d49_30,14,30,1006,5.8124,68.9,81.5,117.8,,,,,,
d49_30,15,30,1086,5.4345,60.1,82.5,121.4,,,,,,
d50_10,1,10,423,23.5844,73.4,57.1,77.7,,,,,,
d50_10,2,10,394,15.9433,74.1,55.2,76.4,,,,,,
d50_10,3,10,311,19.4981,66.2,53.6,73.2,,,,,,
d50_10,4,10,308,19.7776,76.4,53.9,79.5,,,,,,
d50_10,5,10,194,20.5457,70.0,48.5,80.7,,,,,,
d50_10,6,10,631,19.2791,62.4,62.3,88.2,,,,,,
d50_10,7,10,778,14.5437,55.8,66.7,89.7,,,,,,
d50_10,8,10,681,18.5043,64.4,64.1,88.8,,,,,,
d50_10,9,10,527,15.7001,59.7,58.7,87.1,,,,,,
d50_10,10,10,1199,18.7681,59.8,71.9,82.7,,,,,,
d50_10,11,10,1082,15.8992,62.1,71.0,81.4,,,,,,
d50_10,12,10,403,16.1680,59.9,58.8,87.1,,,,,,
d50_10,13,10,1550,32.8419,55.9,75.6,83.5,,,,,,
d50_10,14,10,136,19.5806,53.5,73.6,84.1,,,,,,
d50_10,15,10,1481,46.5602,52.9,75.5,83.9,,,,,,
d50_20,1,20,1814,15.1640,51.1,82.4,72.3,,,,,,
d50_20,2,20,1481,15.9893,52.9,75.5,83.9,,,,,,
d50_20,3,20,1275,16.0263,50.4,74.9,84.9,,,,,,
d50_20,4,20,1151,16.3353,58.7,71.7,90.2,,,,,,
d50_20,5,20,1097,12.9223,50.6,71.8,82.6,,,,,,
d50_20,6,20,1108,14.9244,52.3,72.9,84.0,,,,,,
d50_20,7,20,916,12.3304,55.6,68.6,88.7,,,,,,
d50_20,8,20,778,13.4462,55.8,66.7,89.7,,,,,,
d50_20,9,20,846,13.8547,57.7,68.5,89.6,,,,,,
d50_20,10,20,406,13.6246,71.5,57.0,78.6,,,,,,
d50_20,11,20,423,15.8069,73.4,57.1,77.7,,,,,,
d50_20,12,20,168,20.8705,73.2,49.0,80.5,,,,,,
d50_20,13,20,104,21.1491,71.3,47.4,81.4,,,,,,
d50_20,14,20,399,17.5837,73.4,56.0,76.5,,,,,,
d50_20,15,20,406,13.6246,71.5,57.0,78.6,,,,,,
d50_30,1,30,1199,21.8157,59.8,71.9,82.7,,,,,,
d50_30,2,30,975,25.4169,59.1,67.3,80.8,,,,,,
d50_30,3,30,943,32.8277,62.1,69.1,81.6,,,,,,
d50_30,4,30,1058,27.4969,65.4,70.3,80.0,,,,,,
d50_30,5,30,1082,38.9680,62.1,71.0,81.4,,,,,,
d50_30,6,30,681,19.8460,64.4,64.1,88.8,,,,,,
d50_30,7,30,1227,20.6202,50.1,72.8,73.7,,,,,,
d50_30,8,30,1259,23.0680,52.0,73.1,73.0,,,,,,
d50_30,9,30,423,34.0232,73.4,57.1,77.7,,,,,,
d50_30,10,30,498,21.6850,69.2,58.4,79.0,,,,,,
d50_30,11,30,314,18.9834,68.4,54.6,79.6,,,,,,
d50_30,12,30,406,23.8609,71.5,57.0,78.6,,,,,,
d50_30,13,30,1178,30.9221,60.3,72.9,83.1,,,,,,
d50_30,14,30,1206,18.2567,47.9,75.0,74.4,,,,,,
d50_30,15,30,517,25.6263,69.9,59.9,79.8,,,,,,
d51_10,1,10,901,19.3623,85.4,84.3,116.8,,,,,,
d51_10,2,10,541,18.5991,80.0,72.8,124.4,,,,,,
d51_10,3,10,510,22.4163,84.0,72.5,116.5,,,,,,
d51_10,4,10,426,24.1088,83.3,69.7,118.0,,,,,,
d51_10,5,10,198,18.9751,95.5,60.9,120.9,,,,,,
d51_10,6,10,242,21.0213,87.7,59.5,124.8,,,,,,
d51_10,7,10,289,20.7327,80.9,62.9,108.9,,,,,,
d51_10,8,10,406,19.5077,85.9,67.8,110.5,,,,,,
d51_10,9,10,488,19.6724,86.4,74.1,109.9,,,,,,
d51_10,10,10,286,17.5266,84.5,63.6,118.9,,,,,,
d51_10,11,10,427,16.6231,76.7,67.6,120.7,,,,,,
d51_10,12,10,336,14.1123,81.4,66.3,119.5,,,,,,
d51_10,13,10,179,18.0325,91.4,58.1,119.4,,,,,,
d51_10,14,10,1146,15.2922,76.6,91.0,108.0,,,,,,
d51_10,15,10,770,13.4200,75.1,80.6,103.1,,,,,,
d51_20,1,20,505,41.3106,86.0,75.0,131.0,,,,,,
d51_20,2,20,449,33.2807,82.2,73.9,130.4,,,,,,
d51_20,3,20,482,16.9006,85.6,74.8,128.5,,,,,,
d51_20,4,20,629,26.9716,86.6,78.2,131.8,,,,,,
d51_20,5,20,574,17.8178,72.8,75.3,126.2,,,,,,
d51_20,6,20,866,16.7849,83.2,85.0,114.8,,,,,,
d51_20,7,20,990,26.0267,85.6,86.3,122.7,,,,,,
d51_20,8,20,761,23.1689,78.2,81.2,127.4,,,,,,
d51_20,9,20,541,25.5084,80.0,72.8,124.4,,,,,,
d51_20,10,20,961,25.6721,75.6,90.6,108.2,,,,,,
d51_20,11,20,1115,18.4865,72.3,89.3,106.6,,,,,,
d51_20,12,20,485,27.5051,74.0,71.2,125.5,,,,,,
d51_20,13,20,633,21.4236,79.7,76.6,128.4,,,,,,
d51_20,14,20,988,19.5148,83.1,85.6,128.1,,,,,,
d51_20,15,20,1059,17.4468,84.7,88.0,129.3,,,,,,
d51_30,1,30,485,33.3127,74.0,71.2,125.5,,,,,,
d51_30,2,30,572,46.0433,88.1,76.1,128.3,,,,,,
d51_30,3,30,629,29.9519,86.6,78.2,131.8,,,,,,
d51_30,4,30,633,39.8544,79.7,76.6,128.4,,,,,,
d51_30,5,30,795,42.2475,75.3,80.1,125.9,,,,,,
d51_30,6,30,832,27.1944,81.3,84.3,114.0,,,,,,
d51_30,7,30,730,26.3379,77.1,81.5,114.6,,,,,,
d51_30,8,30,1029,19.8901,80.7,88.2,115.5,,,,,,
d51_30,9,30,449,36.3234,82.2,73.9,130.4,,,,,,
d51_30,10,30,242,19.9947,87.7,59.5,124.8,,,,,,
d51_30,11,30,365,26.6753,90.0,65.9,129.7,,,,,,
d51_30,12,30,432,27.6803,79.4,66.9,108.1,,,,,,
d51_30,13,30,512,18.6992,80.5,76.5,103.2,,,,,,
d51_30,14,30,426,24.2532,83.3,69.7,118.0,,,,,,
d51_30,15,30,510,20.1863,84.0,72.5,116.5,,,,,,
d54_10,1,10,3913,29.8616,98.6,52.1,135.8,,,,,,
d54_10,2,10,63,23.8755,104.4,49.8,134.2,,,,,,
d54_10,3,10,3914,25.0339,95.6,58.4,135.5,,,,,,
d54_10,4,10,1022,26.4427,90.3,83.9,129.0,,,,,,
d54_10,5,10,283,23.8372,96.1,63.1,140.8,,,,,,
d54_10,6,10,3915,34.4122,102.8,60.1,136.8,,,,,,
d54_10,7,10,61,26.8479,103.2,50.4,134.9,,,,,,
d54_10,8,10,283,23.8372,96.1,63.1,140.8,,,,,,
d54_10,9,10,254,25.5648,94.0,62.1,135.0,,,,,,
d54_10,10,10,3912,35.2921,98.5,51.8,137.1,,,,,,
d54_10,11,10,336,27.6348,95.8,65.4,135.8,,,,,,
d54_10,12,10,661,18.0859,84.4,69.9,110.5,,,,,,
d54_10,13,10,659,21.6585,89.9,72.9,114.1,,,,,,
d54_10,14,10,430,20.3372,96.7,64.3,117.8,,,,,,
d54_10,15,10,620,18.2088,92.9,76.3,128.5,,,,,,
d54_20,1,20,484,23.7949,95.9,8.0,111.8,,,,,,
d54_20,2,20,434,19.5133,90.4,64.8,108.9,,,,,,
d54_20,3,20,63,25.0303,104.4,49.8,134.2,,,,,,
d54_20,4,20,90,24.6788,106.4,53.1,133.5,,,,,,
d54_20,5,20,503,21.8361,100.0,67.6,139.4,,,,,,
d54_20,6,20,358,19.2092,99.4,66.0,142.2,,,,,,
d54_20,7,20,412,20.1026,94.1,68.9,147.1,,,,,,
d54_20,8,20,449,16.0854,90.1,69.6,134.6,,,,,,
d54_20,9,20,189,15.8563,95.1,58.9,107.6,,,,,,
d54_20,10,20,208,15.0997,96.8,54.4,117.2,,,,,,
d54_20,11,20,202,16.9192,111.3,58.3,127.9,,,,,,
d54_20,12,20,24,28.8133,115.9,47.1,121.8,,,,,,
d54_20,13,20,569,11.3430,91.8,73.5,118.9,,,,,,
d54_20,14,20,164,10.7321,98.4,53.0,120.3,,,,,,
d54_20,15,20,131,11.3166,101.3,56.0,121.6,,,,,,
d54_30,1,30,620,36.7371,92.9,76.3,128.5,,,,,,
d54_30,2,30,418,27.8056,94.4,65.7,142.7,,,,,,
d54_30,3,30,358,26.4680,99.4,66.0,142.2,,,,,,
d54_30,4,30,63,24.2250,104.4,49.8,134.2,,,,,,
d54_30,5,30,512,27.3640,88.9,66.5,108.2,,,,,,
d54_30,6,30,430,23.9420,96.7,64.3,117.8,,,,,,
d54_30,7,30,387,27.6186,81.5,65.8,129.9,,,,,,
d54_30,8,30,144,25.8153,94.4,54.7,136.1,,,,,,
d54_30,9,30,469,32.7154,99.0,69.0,142.1,,,,,,
d54_30,10,30,286,23.4877,97.3,61.5,133.6,,,,,,
d54_30,11,30,660,24.7207,87.3,70.5,112.3,,,,,,
d54_30,12,30,209,18.7862,90.7,59.8,114.8,,,,,,
d54_30,13,30,90,17.7252,106.4,53.1,133.5,,,,,,
d54_30,14,30,200,22.2919,91.1,57.7,137.1,,,,,,
d54_30,15,30,432,20.9794,85.6,68.0,113.2,,,,,,
d55_10,1,10,405,56.1573,94.9,55.9,132.9,,,,,,
d55_10,2,10,225,28.4840,95.3,50.9,129.6,,,,,,
d55_10,3,10,334,28.2450,94.3,52.0,132.9,,,,,,
d55_10,4,10,6944,38.9342,97.4,56.4,132.1,,,,,,
d55_10,5,10,479,31.2091,94.2,53.9,132.3,,,,,,
d55_10,6,10,829,39.0302,93.9,67.8,138.0,,,,,,
d55_10,7,10,7215,28.5890,90.3,66.1,137.4,,,,,,
d55_10,8,10,545,32.0591,88.0,56.3,135.0,,,,,,
d55_10,9,10,219,24.7041,107.2,50.4,144.4,,,,,,
d55_10,10,10,778,28.0645,97.5,67.1,131.2,,,,,,
d55_10,11,10,1056,28.6388,87.2,67.2,137.5,,,,,,
d55_10,12,10,288,27.3454,103.6,49.0,146.4,,,,,,
d55_10,13,10,410,40.6347,91.6,53.9,122.5,,,,,,
d55_10,14,10,337,18.4922,100.4,52.4,128.5,,,,,,
d55_10,15,10,172,18.2867,96.0,47.0,131.2,,,,,,
d55_20,1,20,368,33.5671,94.2,53.2,135.8,,,,,,
d55_20,2,20,259,24.2668,100.2,48.2,138.4,,,,,,
d55_20,3,20,331,56.0810,100.0,51.2,143.6,,,,,,
d55_20,4,20,586,24.7175,91.9,60.9,145.5,,,,,,
d55_20,5,20,6464,26.6131,99.5,47.8,142.7,,,,,,
d55_20,6,20,1048,22.7667,90.9,72.0,149.1,,,,,,
d55_20,7,20,191,36.8228,102.9,48.7,146.2,,,,,,
d55_20,8,20,402,28.3311,108.2,55.4,145.9,,,,,,
d55_20,9,20,86,22.6813,112.2,42.9,153.8,,,,,,
d55_20,10,20,516,20.0157,100.3,58.9,133.9,,,,,,
d55_20,11,20,296,16.9173,96.4,49.1,139.6,,,,,,
d55_20,12,20,405,16.6543,94.9,55.9,132.9,,,,,,
d55_20,13,20,221,17.0516,111.4,49.8,139.2,,,,,,
d55_20,14,20,473,25.1567,97.6,55.8,142.6,,,,,,
d55_20,15,20,540,17.2096,88.7,56.9,146.5,,,,,,
d55_30,1,30,259,31.6301,100.2,48.2,138.4,,,,,,
d55_30,2,30,260,21.5994,98.9,47.7,137.6,,,,,,
d55_30,3,30,480,30.3749,91.4,56.6,123.8,,,,,,
d55_30,4,30,516,19.2170,100.3,58.9,133.9,,,,,,
d55_30,5,30,172,20.6265,96.0,47.7,131.2,,,,,,
d55_30,6,30,6234,29.1635,104.0,50.8,136.5,,,,,,
d55_30,7,30,512,18.9710,99.0,57.8,139.9,,,,,,
d55_30,8,30,369,22.8395,105.4,54.4,137.9,,,,,,
d55_30,9,30,513,24.1738,102.4,57.6,140.1,,,,,,
d55_30,10,30,927,20.4203,97.4,68.9,128.5,,,,,,
d55_30,11,30,368,24.7611,94.2,53.2,135.8,,,,,,
d55_30,12,30,234,28.8767,104.2,49.1,117.2,,,,,,
d55_30,13,30,585,19.8787,103.8,59.2,144.6,,,,,,
d55_30,14,30,554,22.0138,90.1,61.0,125.3,,,,,,
d55_30,15,30,331,19.1326,100.0,51.2,143.6,,,,,,
d56_10,1,10,390,13.0650,94.0,35.0,144.8,,,,,,
d56_10,2,10,455,12.8992,95.2,36.6,141.1,,,,,,
d56_10,3,10,6917,12.5284,105.0,26.7,146.7,,,,,,
d56_10,4,10,200,12.7080,102.4,29.0,140.9,,,,,,
d56_10,5,10,7421,12.8169,91.5,44.6,135.0,,,,,,
d56_10,6,10,130,11.2848,101.6,26.7,159.9,,,,,,
d56_10,7,10,129,12.1986,101.9,27.3,164.1,,,,,,
d56_10,8,10,223,11.6261,96.7,31.5,166.3,,,,,,
d56_10,9,10,167,8.6671,99.1,29.0,160.9,,,,,,
d56_10,10,10,695,8.5006,95.6,48.4,145.7,,,,,,
d56_10,11,10,930,8.1897,86.6,47.8,138.9,,,,,,
d56_10,12,10,7439,7.7220,85.7,45.3,162.0,,,,,,
d56_10,13,10,151,6.6872,98.8,29.3,151.7,,,,,,
d56_10,14,10,7450,9.4552,99.4,56.1,153.9,,,,,,
d56_10,15,10,6458,10.5521,94.6,48.3,168.0,,,,,,
d56_20,1,20,6920,22.1752,83.4,57.1,168.9,,,,,,
d56_20,2,20,1074,24.3834,84.6,57.7,169.0,,,,,,
d56_20,3,20,1024,19.7695,88.8,57.5,166.1,,,,,,
d56_20,4,20,1118,22.2836,90.7,58.8,166.8,,,,,,
d56_20,5,20,1381,22.1468,82.3,55.6,167.5,,,,,,
d56_20,6,20,218,21.5680,99.8,29.8,170.8,,,,,,
d56_20,7,20,7439,12.8189,85.7,45.3,162.0,,,,,,
d56_20,8,20,950,12.6589,97.9,52.4,164.8,,,,,,
d56_20,9,20,991,21.3650,79.7,55.7,161.3,,,,,,
d56_20,10,20,825,14.1757,81.5,46.6,163.9,,,,,,
d56_20,11,20,1586,13.9318,80.8,65.4,147.6,,,,,,
d56_20,12,20,1341,14.0310,78.2,59.1,140.8,,,,,,
d56_20,13,20,1295,12.4530,76.0,55.2,153.5,,,,,,
d56_20,14,20,7123,14.8468,82.0,64.5,157.8,,,,,,
d56_20,15,20,917,17.7588,78.1,51.8,162.3,,,,,,
d56_30,1,30,154,13.8126,102.5,26.9,148.4,,,,,,
d56_30,2,30,490,15.5431,99.7,37.4,140.7,,,,,,
d56_30,3,30,695,13.2047,95.6,48.4,145.7,,,,,,
d56_30,4,30,7154,18.2785,98.5,37.0,135.0,,,,,,
d56_30,5,30,497,37.9630,104.4,43.5,134.6,,,,,,
d56_30,6,30,415,12.5217,88.2,37.9,150.5,,,,,,
d56_30,7,30,6872,12.6843,98.2,36.4,136.7,,,,,,
d56_30,8,30,684,12.3334,86.1,48.0,154.5,,,,,,
d56_30,9,30,597,12.1839,83.9,44.8,156.0,,,,,,
d56_30,10,30,7439,13.8167,85.7,45.3,162.0,,,,,,
d56_30,11,30,455,17.2782,95.2,36.6,141.1,,,,,,
d56_30,12,30,7188,9.5296,84.5,45.1,156.9,,,,,,
d56_30,13,30,6958,11.4951,88.8,38.1,160.8,,,,,,
d56_30,14,30,877,12.8400,88.6,48.1,164.1,,,,,,
d56_30,15,30,1085,11.5733,92.2,51.3,148.2,,,,,,
d57_10,1,10,6700,37.1568,85.3,61.2,132.1,,,,,,
d57_10,2,10,677,38.4519,81.8,55.7,129.7,,,,,,
d57_10,3,10,892,30.8540,86.2,63.3,130.2,,,,,,
d57_10,4,10,1052,28.9226,89.3,65.6,132.3,,,,,,
d57_10,5,10,930,21.8441,89.1,64.1,133.5,,,,,,
d57_10,6,10,1100,23.5157,85.8,64.1,129.6,,,,,,
d57_10,7,10,7286,27.2048,87.4,58.8,119.6,,,,,,
d57_10,8,10,785,27.8397,81.5,59.6,130.8,,,,,,
d57_10,9,10,967,21.9347,82.0,59.8,131.8,,,,,,
d57_10,10,10,786,15.9504,80.3,58.3,127.9,,,,,,
d57_10,11,10,780,17.8440,92.4,60.5,134.0,,,,,,
d57_10,12,10,804,15.4988,85.8,64.3,139.6,,,,,,
d57_10,13,10,6342,17.6060,90.3,54.7,145.6,,,,,,
d57_10,14,10,520,16.5105,90.9,54.2,142.1,,,,,,
d57_10,15,10,580,17.6296,93.1,56.0,143.6,,,,,,
d57_20,1,20,780,42.6808,92.4,60.5,134.0,,,,,,
d57_20,2,20,930,25.1247,89.1,64.1,133.5,,,,,,
d57_20,3,20,892,29.2650,86.2,63.3,130.2,,,,,,
d57_20,4,20,1100,25.1428,85.8,64.1,129.6,,,,,,
d57_20,5,20,413,22.0630,90.5,48.6,123.0,,,,,,
d57_20,6,20,534,21.7642,88.5,49.9,121.7,,,,,,
d57_20,7,20,7286,27.5385,87.4,58.8,119.6,,,,,,
d57_20,8,20,895,20.6267,88.0,61.8,118.2,,,,,,
d57_20,9,20,723,24.4229,87.0,54.5,145.3,,,,,,
d57_20,10,20,834,20.1955,92.2,59.9,151.0,,,,,,
d57_20,11,20,636,21.0296,97.1,56.1,148.2,,,,,,
d57_20,12,20,579,20.8380,90.1,56.2,149.0,,,,,,
d57_20,13,20,1379,20.3203,88.0,75.2,138.0,,,,,,
d57_20,14,20,694,21.0031,81.4,54.0,147.2,,,,,,
d57_20,15,20,376,18.4234,84.2,44.9,139.6,,,,,,
d57_30,1,30,488,26.0059,83.0,50.4,146.6,,,,,,
d57_30,2,30,516,36.3449,89.6,52.3,147.8,,,,,,
d57_30,3,30,489,10.5337,80.8,51.8,142.9,,,,,,
d57_30,4,30,836,27.8461,95.0,60.4,149.6,,,,,,
d57_30,5,30,694,22.7252,81.4,54.0,147.2,,,,,,
d57_30,6,30,205,25.7441,99.8,38.1,143.5,,,,,,
d57_30,7,30,578,27.1536,91.6,56.0,150.6,,,,,,
d57_30,8,30,579,30.7173,90.1,56.2,149.0,,,,,,
d57_30,9,30,7286,29.2015,87.4,58.8,119.6,,,,,,
d57_30,10,30,7022,20.7663,73.0,73.7,122.7,,,,,,
d57_30,11,30,1601,19.4598,77.7,80.4,125.2,,,,,,
d57_30,12,30,490,16.5746,84.4,54.1,144.4,,,,,,
d57_30,13,30,6667,17.2785,99.5,52.2,146.7,,,,,,
d57_30,14,30,157,15.4174,93.6,37.9,141.9,,,,,,
d57_30,15,30,6676,17.7352,84.6,55.4,142.5,,,,,,
d58_10,1,10,291,21.0205,82.4,65.3,130.5,,,,,,
d58_10,2,10,6611,24.8914,72.3,91.3,135.0,,,,,,
d58_10,3,10,1314,35.8816,74.2,95.2,137.0,,,,,,
d58_10,4,10,7370,17.3052,83.0,72.1,145.8,,,,,,
d58_10,5,10,334,16.1450,82.3,71.5,148.0,,,,,,
d58_10,6,10,824,16.9418,80.0,84.5,139.1,,,,,,
d58_10,7,10,744,15.9039,76.3,79.3,140.6,,,,,,
d58_10,8,10,828,16.2206,69.2,87.1,131.4,,,,,,
d58_10,9,10,482,18.5133,76.1,76.2,141.4,,,,,,
d58_10,10,10,571,15.9882,80.6,79.5,145.5,,,,,,
d58_10,11,10,6550,17.3736,84.9,73.5,144.8,,,,,,
d58_10,12,10,334,16.1450,82.3,71.5,148.0,,,,,,
d58_10,13,10,478,15.7925,86.7,73.4,145.1,,,,,,
d58_10,14,10,1071,23.7459,77.2,94.6,136.6,,,,,,
d58_10,15,10,6989,16.9494,71.2,90.6,136.7,,,,,,
d58_20,1,20,7501,9.7619,88.2,60.1,138.4,,,,,,
d58_20,2,20,227,8.4436,82.0,64.6,146.3,,,,,,
d58_20,3,20,205,9.6538,95.7,65.2,137.3,,,,,,
d58_20,4,20,408,11.2875,85.8,72.3,133.9,,,,,,
d58_20,5,20,343,15.6673,86.5,70.1,134.7,,,,,,
d58_20,6,20,1524,14.5439,70.8,98.8,127.2,,,,,,
d58_20,7,20,1481,19.3529,66.1,98.1,125.9,,,,,,
d58_20,8,20,1581,12.3912,65.2,99.4,134.7,,,,,,
d58_20,9,20,1372,12.1549,71.8,100.2,126.9,,,,,,
d58_20,10,20,1682,11.2156,62.1,100.0,141.1,,,,,,
d58_20,11,20,6682,8.3990,76.8,98.0,129.1,,,,,,
d58_20,12,20,7051,10.4425,75.9,99.6,128.5,,,,,,
d58_20,13,20,1113,11.7080,67.0,88.1,140.9,,,,,,
d58_20,14,20,183,9.0776,94.4,64.3,135.6,,,,,,
d58_20,15,20,412,8.9653,84.0,71.8,130.9,,,,,,
d58_30,1,30,335,8.7105,76.9,70.9,145.3,,,,,,
d58_30,2,30,6777,8.8793,77.9,68.5,141.1,,,,,,
d58_30,3,30,749,8.4941,84.0,84.1,140.1,,,,,,
d58_30,4,30,478,9.3982,86.7,73.4,145.1,,,,,,
d58_30,5,30,6931,8.3499,95.8,70.1,145.0,,,,,,
d58_30,6,30,436,10.9708,88.4,72.5,136.4,,,,,,
d58_30,7,30,6529,8.0291,81.9,79.0,130.8,,,,,,
d58_30,8,30,913,9.4599,73.1,89.5,132.6,,,,,,
d58_30,9,30,6550,9.6630,84.9,73.5,144.8,,,,,,
d58_30,10,30,366,8.7972,90.9,68.5,148.6,,,,,,
d58_30,11,30,6919,8.6231,87.0,58.9,143.5,,,,,,
d58_30,12,30,470,7.3815,88.4,73.6,148.0,,,,,,
d58_30,13,30,148,7.5252,89.8,62.1,132.8,,,,,,
d58_30,14,30,225,7.1668,93.9,68.9,148.4,,,,,,
d58_30,15,30,217,11.2877,89.7,66.9,158.4,,,,,,